date,code,open,high,low,close,volume,amount,turnover,pct_change,is_limit_up,is_limit_down
2025-10-28,sh.688783,39.78,39.78,24.89,25.75,120865030,3245796569.37,73.4217,198.7239,1,0
2025-10-29,sh.688783,25.1,27.88,24.89,26.75,84232678,2216002577.35,51.1687,3.8835,0,0
2025-10-30,sh.688783,27.5,32.28,26.8,30.0,81247540,2373046912.96,49.3553,12.1495,1,0
2025-10-31,sh.688783,28.56,29.5,27.8,28.73,50496238,1451311921.38,30.6749,-4.2333,0,0
2025-11-03,sh.688783,28.4,28.4,26.57,27.59,33743262,922911973.22,20.498,-3.968,0,0
2025-11-04,sh.688783,27.41,28.26,26.43,26.49,29738356,801729187.33,18.0651,-3.987,0,0
2025-11-05,sh.688783,25.8,27.36,25.68,26.59,25453338,679650042.73,15.4621,0.3775,0,0
2025-11-06,sh.688783,26.57,28.61,26.57,26.85,36608077,1007920068.8,22.2383,0.9778,0,0
2025-11-07,sh.688783,26.35,26.78,25.89,26.15,24813134,652908951.12,15.0732,-2.6071,0,0
2025-11-10,sh.688783,26.3,27.96,26.3,27.77,32341885,885846893.75,19.6467,6.195,0,0
2025-11-11,sh.688783,28.5,29.61,27.31,27.36,41961139,1190074656.51,25.4901,-1.4764,0,0
2025-11-12,sh.688783,26.5,27.26,26.26,26.89,24625240,656454246.76,14.9591,-1.7178,0,0
2025-11-13,sh.688783,26.66,27.67,26.63,27.0,22151800,599649654.71,13.4565,0.4091,0,0
2025-11-14,sh.688783,26.56,26.92,26.05,26.05,20622440,544042336.78,12.5275,-3.5185,0,0
2025-11-17,sh.688783,26.4,26.91,25.8,25.91,17823459,468695195.48,10.8272,-0.5374,0,0
2025-11-18,sh.688783,25.77,25.8,24.93,25.03,19871325,500505199.62,12.0712,-3.3964,0,0
2025-11-19,sh.688783,24.89,25.54,24.89,25.27,12418221,312073549.11,7.5437,0.9588,0,0
2025-11-20,sh.688783,25.69,25.8,24.2,24.2,16293295,403855374.47,9.8977,-4.2343,0,0
2025-11-21,sh.688783,23.6,23.77,22.8,22.8,15493424,359320934.51,9.4118,-5.7851,0,0
2025-11-24,sh.688783,22.83,23.05,22.55,22.9,8375139,190811182.39,5.0876,0.4386,0,0
2025-11-25,sh.688783,23.2,23.57,23.08,23.23,9492392,221162492.48,5.7663,1.441,0,0
2025-11-26,sh.688783,23.25,23.73,22.77,23.46,10142276,237326738.4,6.1611,0.9901,0,0
2025-11-27,sh.688783,23.36,24.99,23.3,24.6,19501180,476356623.89,11.8464,4.8593,0,0
2025-11-28,sh.688783,24.52,24.52,23.88,24.2,10032350,242202185.91,6.0943,-1.626,0,0
2025-12-01,sh.688783,24.33,24.45,24.0,24.25,7609062,183952820.06,4.6223,0.2066,0,0
2025-12-02,sh.688783,24.12,24.15,23.73,23.78,7827006,186998272.18,4.7547,-1.9381,0,0
2025-12-03,sh.688783,24.66,24.86,23.5,23.5,12197972,296274290.17,7.4099,-1.1775,0,0
2025-12-04,sh.688783,23.28,23.98,23.2,23.87,8710532,205597900.31,5.2914,1.5745,0,0
2025-12-05,sh.688783,23.72,23.8,23.24,23.52,8266733,193431945.12,5.0218,-1.4663,0,0
2025-12-08,sh.688783,23.49,23.97,23.49,23.78,8903766,211096357.0,5.4088,1.1054,0,0
2025-12-09,sh.688783,23.76,24.16,23.43,23.78,7808459,186281110.09,4.7434,0.0,0,0
2025-12-10,sh.688783,23.6,24.8,23.26,24.53,16523391,400531039.75,10.0374,3.1539,0,0
2025-12-11,sh.688783,24.3,25.13,24.0,24.7,18256913,451032593.85,11.0905,0.693,0,0
2025-12-12,sh.688783,24.71,24.72,24.15,24.47,11115703,271294243.08,6.7524,-0.9312,0,0
2025-12-15,sh.688783,24.2,24.25,23.63,23.71,8318664,199027347.31,5.0533,-3.1058,0,0
2025-12-16,sh.688783,23.7,23.7,22.89,22.89,8783887,203354392.43,5.3359,-3.4585,0,0
2025-12-17,sh.688783,23.01,23.21,22.73,23.16,6106301,140288756.48,3.7094,1.1796,0,0
2025-12-18,sh.688783,22.83,23.25,22.75,22.77,6438494,147930681.69,3.9112,-1.6839,0,0
2025-12-19,sh.688783,22.99,23.26,22.88,22.97,5430660,125158664.89,3.299,0.8783,0,0
2025-12-22,sh.688783,22.96,23.45,22.96,23.28,6288681,146639544.59,3.8202,1.3496,0,0
2025-12-23,sh.688783,23.2,23.54,23.05,23.15,6045710,140682581.22,3.6726,-0.5584,0,0
2025-12-24,sh.688783,23.3,23.92,23.15,23.56,8112634,191524919.09,4.9282,1.7711,0,0
2025-12-25,sh.688783,23.68,23.75,23.31,23.57,6718565,157615038.36,4.0813,0.0424,0,0
2025-12-26,sh.688783,23.57,24.16,23.43,23.65,9045448,215178667.88,5.4948,0.3394,0,0
2025-12-29,sh.688783,23.57,23.64,23.19,23.23,7567178,176676338.08,4.5968,-1.7759,0,0
2025-12-30,sh.688783,23.26,23.55,23.0,23.06,6705463,155360313.2,4.0734,-0.7318,0,0
2025-12-31,sh.688783,23.18,23.83,22.78,23.8,10846033,250754527.73,6.5886,3.209,0,0
2026-01-05,sh.688783,23.78,24.52,23.7,24.35,15700232,379532094.23,9.5374,2.3109,0,0
2026-01-06,sh.688783,24.22,25.48,24.18,25.05,18805459,468872191.95,11.4237,2.8747,0,0
2026-01-07,sh.688783,25.65,26.44,25.04,25.94,29432590,757083718.97,17.8794,3.5529,0,0
2026-01-08,sh.688783,25.64,27.28,25.6,26.08,26165838,690422944.66,15.8949,0.5397,0,0
2026-01-09,sh.688783,25.8,26.8,25.53,26.2,17831161,468045808.49,10.8319,0.4601,0,0
2026-01-12,sh.688783,26.18,26.5,25.84,26.02,17288015,450099312.11,10.5019,-0.687,0,0
2026-01-13,sh.688783,25.84,26.5,25.35,25.51,15532614,400730605.68,9.4356,-1.96,0,0
2026-01-14,sh.688783,25.6,26.29,25.35,25.6,17401242,450115217.93,10.5707,0.3528,0,0
2026-01-15,sh.688783,25.35,25.8,24.9,25.67,11309297,286838286.51,6.87,0.2734,0,0
2026-01-16,sh.688783,25.88,27.0,25.74,26.87,24740151,654600759.7,15.0289,4.6747,0,0
2026-01-19,sh.688783,27.25,27.64,26.7,26.74,17857542,482377520.09,10.8479,-0.4838,0,0
2026-01-20,sh.688783,26.3,27.6,26.3,26.87,19097749,515788102.89,11.6013,0.4862,0,0
2026-01-21,sh.688783,26.5,28.15,26.37,27.15,23646694,649779557.52,14.3646,1.0421,0,0
2026-01-22,sh.688783,27.72,27.72,26.28,26.35,19996021,532955732.76,12.147,-2.9466,0,0
2026-01-23,sh.688783,26.42,26.88,26.09,26.66,14142404,373842245.07,8.5911,1.1765,0,0
2026-01-26,sh.688783,26.51,26.75,25.56,25.67,13387664,346394367.74,8.1326,-3.7134,0,0
2026-01-27,sh.688783,25.58,28.2,24.63,27.83,29029371,773132695.73,17.6344,8.4145,0,0
2026-01-28,sh.688783,27.75,28.08,26.93,27.34,18840057,516212597.87,11.4447,-1.7607,0,0
2026-01-29,sh.688783,27.39,27.72,26.5,26.5,14200444,383979641.41,8.6263,-3.0724,0,0
2026-01-30,sh.688783,26.4,26.98,25.71,26.29,11875805,313488101.35,7.2142,-0.7925,0,0
2026-02-02,sh.688783,26.29,26.29,24.72,24.75,12869983,325634985.87,7.8181,-5.8577,0,0
2026-02-03,sh.688783,25.22,26.19,25.0,25.77,12893145,331836202.0,7.8322,4.1212,0,0
2026-02-04,sh.688783,25.67,25.7,24.92,25.18,8959329,225243341.29,5.4425,-2.2895,0,0
2026-02-05,sh.688783,24.87,25.1,24.75,24.9,5766978,143680794.83,3.5033,-1.112,0,0
2026-02-06,sh.688783,24.82,25.05,24.64,24.82,4819771,119711909.7,2.9279,-0.3213,0,0
2026-02-09,sh.688783,25.2,25.53,24.94,25.37,6653758,168278111.25,4.0419,2.216,0,0
2026-02-10,sh.688783,25.47,25.47,25.04,25.08,4355606,109759603.02,2.6459,-1.1431,0,0
2026-02-11,sh.688783,25.07,25.16,24.79,24.79,4544004,113204789.02,2.7603,-1.1563,0,0
2026-02-12,sh.688783,25.05,25.2,24.81,24.96,4650641,116256271.91,2.8251,0.6858,0,0
2026-02-13,sh.688783,24.92,25.12,24.78,24.81,3878733,96718334.9,2.3562,-0.601,0,0
2026-02-24,sh.688783,25.02,25.6,24.82,25.32,5847668,147749029.12,3.5523,2.0556,0,0
2026-02-25,sh.688783,25.29,26.56,25.16,26.26,13090363,339937776.89,7.952,3.7125,0,0
2026-02-26,sh.688783,26.11,26.38,25.81,26.19,7474171,194997894.37,4.5403,-0.2666,0,0
2026-02-27,sh.688783,25.97,25.97,25.5,25.69,6868164,176228031.73,4.1722,-1.9091,0,0
2026-03-02,sh.688783,25.3,25.67,24.84,25.0,7593263,190814250.69,4.6127,-2.6859,0,0
2026-03-03,sh.688783,24.95,25.2,23.32,23.4,12305307,295116761.15,7.4751,-6.4,0,0
2026-03-04,sh.688783,23.07,23.71,23.07,23.45,4849427,113767099.7,2.9459,0.2137,0,0
2026-03-05,sh.688783,23.96,24.24,23.7,23.8,5543424,132893809.51,3.3675,1.4925,0,0
2026-03-06,sh.688783,23.56,24.13,23.53,23.95,3822372,91565412.84,2.322,0.6303,0,0
2026-03-09,sh.688783,23.45,23.82,23.14,23.67,5812893,135914410.55,3.5311,-1.1691,0,0
2026-03-10,sh.688783,24.1,24.3,23.93,24.19,5071974,122395351.44,3.0811,2.1969,0,0
2026-03-11,sh.688783,24.35,24.42,24.0,24.01,5400830,130670737.71,3.2808,-0.7441,0,0
2026-03-12,sh.688783,24.0,24.05,23.37,23.46,6421307,151688773.93,3.9007,-2.2907,0,0
2026-03-13,sh.688783,23.43,23.74,23.16,23.33,5460807,128050864.26,3.3173,-0.5541,0,0
2026-03-16,sh.688783,23.33,23.9,23.15,23.9,5697762,134480404.53,3.4612,2.4432,0,0
2026-03-17,sh.688783,23.98,24.16,23.67,23.69,5098426,121715560.93,3.0971,-0.8787,0,0
2026-03-18,sh.688783,23.66,24.46,23.66,24.27,7411486,179019352.49,4.5022,2.4483,0,0
2026-03-19,sh.688783,23.93,24.1,23.51,23.61,5474773,129899764.6,3.3258,-2.7194,0,0
2026-03-20,sh.688783,23.65,23.8,22.77,22.83,7292301,169656370.57,4.4298,-3.3037,0,0
2026-03-23,sh.688783,22.25,22.32,21.12,21.15,9158212,198505898.15,5.5633,-7.3587,0,0
2026-03-24,sh.688783,21.5,21.66,20.92,21.65,4851462,103641322.78,2.9471,2.3641,0,0
2026-03-25,sh.688783,21.8,22.35,21.8,22.05,4884148,107861110.79,2.967,1.8476,0,0
2026-03-26,sh.688783,22.21,22.21,21.39,21.4,3937187,85298617.56,2.3917,-2.9478,0,0
2026-03-27,sh.688783,21.0,21.75,20.98,21.61,3348899,71927857.82,2.0344,0.9813,0,0
2026-03-30,sh.688783,21.36,21.6,21.06,21.39,3670915,78264942.48,2.23,-1.018,0,0
2026-03-31,sh.688783,21.4,21.56,21.06,21.12,2791109,59405124.2,1.6955,-1.2623,0,0
2026-04-01,sh.688783,21.54,21.79,21.3,21.64,3614743,77985384.23,2.1958,2.4621,0,0
2026-04-02,sh.688783,21.76,21.77,21.18,21.24,2872581,61465736.57,1.745,-1.8484,0,0
2026-04-03,sh.688783,21.25,21.39,21.1,21.13,2988728,63441863.55,1.8156,-0.5179,0,0
2026-04-07,sh.688783,21.15,21.56,21.15,21.18,2859049,61063941.02,1.7368,0.2366,0,0
2026-04-08,sh.688783,21.74,22.23,21.7,22.23,6069540,133356569.83,3.6871,4.9575,0,0
2026-04-09,sh.688783,22.03,22.13,21.8,21.87,3060523,67159835.42,1.8592,-1.6194,0,0
2026-04-10,sh.688783,22.01,22.29,21.88,21.91,3568003,78721940.27,2.1674,0.1829,0,0
2026-04-13,sh.688783,21.73,22.08,21.64,21.98,2764070,60520459.0,1.6791,0.3195,0,0
2026-04-14,sh.688783,22.14,22.5,22.09,22.37,5473198,122248588.3,3.3248,1.7743,0,0
2026-04-15,sh.688783,22.46,23.04,22.38,22.57,6708228,152027060.1,4.075,0.8941,0,0
2026-04-16,sh.688783,22.58,22.65,22.38,22.53,3836038,86337853.83,2.3303,-0.1772,0,0
2026-04-17,sh.688783,22.38,22.92,22.38,22.65,5138938,116532049.24,3.1217,0.5326,0,0
2026-04-20,sh.688783,22.66,23.92,22.52,23.37,8949696,208810265.85,5.4367,3.1788,0,0
2026-04-21,sh.688783,22.9,23.16,22.41,22.47,7119550,160932784.11,4.3249,-3.8511,0,0
2026-04-22,sh.688783,22.39,22.84,22.28,22.83,4570307,103226894.14,2.7763,1.6021,0,0
2026-04-23,sh.688783,22.87,23.52,22.63,22.91,7369599,169788976.47,4.4768,0.3504,0,0
2026-04-24,sh.688783,22.87,23.24,22.65,22.92,5359897,123052253.04,3.256,0.0436,0,0
2026-04-27,sh.688783,22.93,23.49,22.93,23.32,6820701,158867638.07,4.1434,1.7452,0,0
2026-04-28,sh.688783,22.93,23.19,22.04,22.24,17000934,383635958.4,9.1809,-4.6312,0,0
2026-04-29,sh.688783,22.04,22.53,21.92,22.39,8774874,195056491.13,4.7386,0.6745,0,0
2026-04-30,sh.688783,22.32,24.1,22.23,23.7,17992969,423319931.45,9.7166,5.8508,0,0
2026-05-06,sh.688783,24.36,28.0,24.25,26.71,40940413,1075218523.78,22.1087,12.7004,1,0
2026-05-07,sh.688783,26.46,28.0,26.46,27.55,26721913,724678663.26,14.4304,3.1449,0,0
2026-05-08,sh.688783,27.2,31.24,26.86,30.66,47093932,1398402932.46,25.4318,11.2886,1,0
2026-05-11,sh.688783,31.95,35.42,30.1,34.05,54242304,1775637510.69,29.2921,11.0568,1,0
2026-05-12,sh.688783,33.71,35.99,32.33,34.34,43062481,1484967906.9,23.2547,0.8517,0,0
2026-05-13,sh.688783,33.0,35.63,32.63,35.39,37454764,1280580992.05,20.2264,3.0577,0,0
2026-05-14,sh.688783,35.36,35.39,33.86,34.1,28155748,969788016.41,15.2047,-3.6451,0,0
2026-05-15,sh.688783,34.08,35.45,32.49,33.97,37671076,1282975434.17,20.3432,-0.3812,0,0
2026-05-18,sh.688783,33.64,34.75,33.02,33.52,26491317,894644970.51,14.3059,-1.3247,0,0
2026-05-19,sh.688783,32.9,36.44,32.0,35.6,44124713,1509502720.45,23.8283,6.2053,0,0
2026-05-20,sh.688783,35.52,36.97,34.8,34.9,42849053,1531819077.62,23.1394,-1.9663,0,0
2026-05-21,sh.688783,35.01,36.66,32.57,32.59,40183385,1393568565.1,21.6999,-6.6189,0,0
2026-05-22,sh.688783,33.0,33.38,31.75,33.38,30113959,983072969.33,16.2622,2.4241,0,0
2026-05-25,sh.688783,33.02,33.86,31.75,33.12,23904540,781087985.03,12.909,-0.7789,0,0
2026-05-26,sh.688783,33.01,33.01,30.78,31.4,25338621,801149386.34,13.6834,-5.1932,0,0
2026-05-27,sh.688783,31.5,35.12,31.12,33.61,35141091,1161742092.69,18.977,7.0382,0,0
2026-05-28,sh.688783,33.28,40.33,32.99,37.94,53465605,2034226565.35,28.8726,12.8831,1,0
2026-05-29,sh.688783,39.42,41.41,37.82,37.94,53068291,2099598398.22,28.6581,0.0,0,0
2026-06-01,sh.688783,37.0,37.48,34.8,35.15,33015046,1178024775.0,17.8289,-7.3537,0,0
2026-06-02,sh.688783,35.0,35.6,33.77,34.02,23208186,803144323.26,12.5329,-3.2148,0,0
2026-06-03,sh.688783,34.29,38.32,34.11,35.33,32856826,1198609289.27,17.7434,3.8507,0,0
2026-06-04,sh.688783,34.96,39.65,34.25,38.55,36761389,1383054032.53,19.852,9.1141,0,0
2026-06-05,sh.688783,37.15,39.5,36.0,36.7,28283747,1058413738.05,15.2739,-4.799,0,0
2026-06-08,sh.688783,34.52,37.18,33.4,34.44,26597618,934538012.41,14.3633,-6.158,0,0
2026-06-09,sh.688783,36.0,41.33,34.77,41.33,35863910,1379559411.78,19.3673,20.0058,1,0
2026-06-10,sh.688783,43.88,46.6,42.58,46.6,54205574,2433736822.37,29.2722,12.751,1,0
2026-06-11,sh.688783,44.89,50.06,44.6,49.76,51423658,2461369748.58,27.7699,6.7811,0,0
2026-06-12,sh.688783,52.41,55.3,47.5,47.5,61559123,3098787499.53,33.2433,-4.5418,0,0
2026-06-15,sh.688783,48.37,49.77,44.0,48.17,48117438,2274869899.08,25.9845,1.4105,0,0
2026-06-16,sh.688783,47.0,48.31,45.52,47.0,45363692,2121455977.51,24.4974,-2.4289,0,0
2026-06-17,sh.688783,45.51,54.78,45.28,54.5,55916064,2797774794.15,30.1959,15.9574,1,0
2026-06-18,sh.688783,53.0,53.55,50.1,50.39,47256279,2443541065.49,25.5194,-7.5413,0,0
2026-06-22,sh.688783,51.21,52.09,48.51,51.16,36954633,1873209778.81,19.9563,1.5281,0,0
2026-06-23,sh.688783,49.15,50.15,46.08,48.4,28071312,1348118039.89,15.1591,-5.3948,0,0
2026-06-24,sh.688783,47.0,49.63,46.12,48.36,24824959,1194938166.84,13.406,-0.0826,0,0
2026-06-25,sh.688783,48.5,52.83,47.67,51.6,34475011,1756295645.27,18.6173,6.6998,0,0
2026-06-26,sh.688783,50.55,56.72,49.19,53.86,43818403,2351553181.98,23.6629,4.3798,0,0
