期号,日期,百位,十位,个位,销售额
20001,2020-01-01,1,0,4,26434414
20002,2020-01-02,3,2,1,46598928
20003,2020-01-03,1,9,6,12132899
20004,2020-01-04,0,1,3,25613608
20005,2020-01-05,8,9,0,47664518
20006,2020-01-06,3,8,6,24793519
20007,2020-01-07,7,9,4,10436124
20008,2020-01-08,2,6,5,28647630
20009,2020-01-09,2,3,5,16859215
20010,2020-01-10,1,6,1,34090698
20011,2020-01-11,5,9,4,12915909
20012,2020-01-12,7,8,1,35403012
20013,2020-01-13,1,8,4,34268915
20014,2020-01-14,9,3,1,13075222
20015,2020-01-15,3,4,1,25622331
20016,2020-01-16,1,6,4,40427850
20017,2020-01-17,5,2,5,33841813
20018,2020-01-18,3,4,1,21484920
20019,2020-01-19,8,3,2,41021757
20020,2020-01-20,6,4,8,24738124
20021,2020-01-21,5,0,3,12154210
20022,2020-01-22,5,6,4,14441842
20023,2020-01-23,3,9,5,24269125
20024,2020-01-24,7,6,7,19587950
20025,2020-01-25,4,2,3,47672777
20026,2020-01-26,8,4,9,38751707
20027,2020-01-27,9,6,5,24718366
20028,2020-01-28,2,8,7,16100827
20029,2020-01-29,0,1,2,20736210
20030,2020-01-30,6,9,1,35821297
20031,2020-01-31,6,9,7,45508262
20032,2020-02-01,4,8,0,17687437
20033,2020-02-02,8,4,5,17486139
20034,2020-02-03,4,6,2,40448882
20035,2020-02-04,0,4,8,21989124
20036,2020-02-05,8,1,4,44068679
20037,2020-02-06,9,3,2,35092933
20038,2020-02-07,2,8,8,10038379
20039,2020-02-08,9,5,7,11307062
20040,2020-02-09,1,5,4,26069372
20041,2020-02-10,0,3,9,15285296
20042,2020-02-11,1,7,1,45749305
20043,2020-02-12,2,2,7,46896694
20044,2020-02-13,2,4,8,38396306
20045,2020-02-14,3,8,3,30918926
20046,2020-02-15,6,5,7,44733926
20047,2020-02-16,7,1,3,25079183
20048,2020-02-17,1,5,0,49480729
20049,2020-02-18,8,3,9,24778538
20050,2020-02-19,0,1,0,25364023
20051,2020-02-20,1,0,5,14755156
20052,2020-02-21,8,3,4,42575615
20053,2020-02-22,3,8,2,48322053
20054,2020-02-23,9,7,3,41740676
20055,2020-02-24,6,3,1,16504916
20056,2020-02-25,6,5,6,37588606
20057,2020-02-26,7,0,1,14067647
20058,2020-02-27,6,5,1,26687044
20059,2020-02-28,3,3,8,40105945
20060,2020-02-29,2,6,2,28692848
20061,2020-03-01,7,3,1,39738000
20062,2020-03-02,8,1,0,46278242
20063,2020-03-03,0,1,3,21160949
20064,2020-03-04,6,7,7,24344338
20065,2020-03-05,6,0,2,35432455
20066,2020-03-06,0,6,4,40535094
20067,2020-03-07,4,6,8,42659965
20068,2020-03-08,2,3,4,24609659
20069,2020-03-09,0,9,8,14090793
20070,2020-03-10,5,0,0,49203494
20071,2020-03-11,7,8,8,20565131
20072,2020-03-12,0,8,1,22470502
20073,2020-03-13,1,9,1,25784266
20074,2020-03-14,6,1,9,26523232
20075,2020-03-15,9,9,0,15501813
20076,2020-03-16,6,9,9,45083354
20077,2020-03-17,5,4,3,31084522
20078,2020-03-18,3,4,6,18783092
20079,2020-03-19,4,7,5,14868286
20080,2020-03-20,0,7,9,47781863
20081,2020-03-21,1,1,8,24304543
20082,2020-03-22,8,4,2,33421586
20083,2020-03-23,1,3,5,29125180
20084,2020-03-24,2,7,8,30301581
20085,2020-03-25,9,8,0,47218729
20086,2020-03-26,4,1,2,27748007
20087,2020-03-27,1,1,8,20431932
20088,2020-03-28,4,4,9,24135116
20089,2020-03-29,5,3,4,43917427
20090,2020-03-30,7,4,0,16194045
20091,2020-03-31,6,4,0,10237947
20092,2020-04-01,5,2,4,20843582
20093,2020-04-02,7,8,6,47641822
20094,2020-04-03,0,1,1,20002863
20095,2020-04-04,8,0,5,49091555
20096,2020-04-05,8,2,6,18552724
20097,2020-04-06,0,4,5,12677299
20098,2020-04-07,5,3,3,16898363
20099,2020-04-08,5,8,6,20371898
20100,2020-04-09,3,2,2,37668609
20101,2020-04-10,0,2,5,37629602
20102,2020-04-11,3,4,2,17254174
20103,2020-04-12,6,0,7,24927274
20104,2020-04-13,3,7,5,30481012
20105,2020-04-14,3,3,0,22960720
20106,2020-04-15,6,5,4,14658747
20107,2020-04-16,4,5,8,36821962
20108,2020-04-17,8,5,0,17740453
20109,2020-04-18,4,2,9,27815146
20110,2020-04-19,0,1,9,39163080
20111,2020-04-20,5,5,6,44321020
20112,2020-04-21,1,6,9,22755970
20113,2020-04-22,4,0,6,10113499
20114,2020-04-23,8,8,3,34442489
20115,2020-04-24,6,1,5,31066522
20116,2020-04-25,1,4,8,30755742
20117,2020-04-26,6,5,6,29841084
20118,2020-04-27,8,2,3,38215675
20119,2020-04-28,6,2,9,48192007
20120,2020-04-29,4,6,8,10027242
20121,2020-04-30,4,4,3,38849305
20122,2020-05-01,9,9,5,41204829
20123,2020-05-02,7,7,3,44304306
20124,2020-05-03,7,2,1,29044583
20125,2020-05-04,8,9,5,16267108
20126,2020-05-05,3,4,3,23363383
20127,2020-05-06,2,0,0,26431104
20128,2020-05-07,7,9,1,40562461
20129,2020-05-08,6,9,3,35768358
20130,2020-05-09,7,6,3,19903345
20131,2020-05-10,0,1,6,24686180
20132,2020-05-11,2,8,7,13370098
20133,2020-05-12,8,3,1,40632634
20134,2020-05-13,2,7,8,47508841
20135,2020-05-14,9,5,7,43875089
20136,2020-05-15,6,8,7,20680906
20137,2020-05-16,7,7,4,26591977
20138,2020-05-17,4,8,7,26055518
20139,2020-05-18,4,7,1,29174891
20140,2020-05-19,3,4,5,31455345
20141,2020-05-20,8,1,2,20122074
20142,2020-05-21,3,6,2,24358134
20143,2020-05-22,1,6,6,32205074
20144,2020-05-23,8,7,6,14178581
20145,2020-05-24,3,6,6,49196905
20146,2020-05-25,0,9,6,42009568
20147,2020-05-26,0,5,4,36171560
20148,2020-05-27,6,8,8,24800101
20149,2020-05-28,7,3,4,39248457
20150,2020-05-29,7,0,6,32557271
20151,2020-05-30,6,2,7,18564956
20152,2020-05-31,9,8,0,36442251
20153,2020-06-01,9,9,0,15633618
20154,2020-06-02,6,2,7,22195628
20155,2020-06-03,0,4,6,31968265
20156,2020-06-04,3,7,5,32649278
20157,2020-06-05,6,4,6,26929655
20158,2020-06-06,1,7,0,46199799
20159,2020-06-07,0,5,3,14604900
20160,2020-06-08,0,0,3,23378868
20161,2020-06-09,0,9,2,26008480
20162,2020-06-10,2,7,1,47847357
20163,2020-06-11,3,7,4,34756136
20164,2020-06-12,2,9,9,17686170
20165,2020-06-13,2,4,1,48834875
20166,2020-06-14,0,4,9,35186423
20167,2020-06-15,6,3,1,49735014
20168,2020-06-16,3,1,4,18123867
20169,2020-06-17,9,0,5,45751928
20170,2020-06-18,6,5,1,43954453
20171,2020-06-19,5,0,6,42896879
20172,2020-06-20,1,6,5,40852585
20173,2020-06-21,2,6,2,45013831
20174,2020-06-22,4,9,8,42446968
20175,2020-06-23,7,6,9,28011719
20176,2020-06-24,5,3,1,28718557
20177,2020-06-25,7,3,7,48241962
20178,2020-06-26,9,6,5,11926024
20179,2020-06-27,7,5,2,42718922
20180,2020-06-28,3,5,4,32839753
20181,2020-06-29,4,9,4,47298504
20182,2020-06-30,0,8,3,15745388
20183,2020-07-01,3,6,7,47257244
20184,2020-07-02,3,7,7,40076484
20185,2020-07-03,0,1,4,24871082
20186,2020-07-04,6,3,4,49027534
20187,2020-07-05,5,7,8,45629567
20188,2020-07-06,5,6,8,32199028
20189,2020-07-07,5,7,4,30577120
20190,2020-07-08,4,3,1,22924113
20191,2020-07-09,5,1,8,22425195
20192,2020-07-10,3,3,7,28555575
20193,2020-07-11,9,8,9,28991721
20194,2020-07-12,1,3,4,25266136
20195,2020-07-13,5,2,4,10949480
20196,2020-07-14,8,2,4,13054506
20197,2020-07-15,0,8,4,18474473
20198,2020-07-16,7,1,0,48524797
20199,2020-07-17,4,7,7,39559360
20200,2020-07-18,5,2,0,26943537
20201,2020-07-19,7,1,1,36891021
20202,2020-07-20,7,1,9,13597644
20203,2020-07-21,2,2,9,30390056
20204,2020-07-22,1,3,1,47451647
20205,2020-07-23,6,9,9,25145607
20206,2020-07-24,8,6,7,39710503
20207,2020-07-25,4,9,6,30493721
20208,2020-07-26,9,9,0,16659452
20209,2020-07-27,3,3,4,15448398
20210,2020-07-28,2,3,2,47043572
20211,2020-07-29,1,2,0,37415150
20212,2020-07-30,7,9,7,29546080
20213,2020-07-31,0,3,4,28972908
20214,2020-08-01,7,1,3,27753960
20215,2020-08-02,9,3,6,17702507
20216,2020-08-03,8,3,2,27826293
20217,2020-08-04,2,1,0,21134889
20218,2020-08-05,4,9,9,29368328
20219,2020-08-06,7,1,7,30407214
20220,2020-08-07,6,4,8,46237549
20221,2020-08-08,7,7,1,12675011
20222,2020-08-09,6,5,9,26801905
20223,2020-08-10,0,1,3,48600958
20224,2020-08-11,9,0,4,48671280
20225,2020-08-12,0,2,7,44827073
20226,2020-08-13,7,4,2,49280806
20227,2020-08-14,6,7,1,41541863
20228,2020-08-15,5,6,5,31545854
20229,2020-08-16,1,2,5,37625034
20230,2020-08-17,7,4,6,46916358
20231,2020-08-18,0,7,1,31106889
20232,2020-08-19,4,5,1,37123728
20233,2020-08-20,8,0,8,41002707
20234,2020-08-21,6,0,3,44791878
20235,2020-08-22,5,9,7,39664866
20236,2020-08-23,0,3,4,46857506
20237,2020-08-24,2,4,7,42528458
20238,2020-08-25,1,0,9,26058980
20239,2020-08-26,2,4,8,10917677
20240,2020-08-27,8,6,1,25079405
20241,2020-08-28,1,7,1,20332827
20242,2020-08-29,7,4,8,28349234
20243,2020-08-30,6,7,7,26356504
20244,2020-08-31,7,8,2,35742021
20245,2020-09-01,3,9,8,19160919
20246,2020-09-02,1,4,6,32808641
20247,2020-09-03,8,4,0,28981002
20248,2020-09-04,4,9,9,42859207
20249,2020-09-05,2,7,8,42503600
20250,2020-09-06,5,5,8,46468974
20251,2020-09-07,6,7,5,22660246
20252,2020-09-08,3,9,6,25674110
20253,2020-09-09,6,0,5,41740898
20254,2020-09-10,6,6,2,43240942
20255,2020-09-11,0,2,8,49606338
20256,2020-09-12,5,1,7,16691538
20257,2020-09-13,8,7,0,19674106
20258,2020-09-14,6,2,1,41506980
20259,2020-09-15,4,5,9,36674654
20260,2020-09-16,1,5,8,35501998
20261,2020-09-17,5,7,8,12409147
20262,2020-09-18,9,1,3,29285678
20263,2020-09-19,3,1,6,16606406
20264,2020-09-20,1,7,2,30096828
20265,2020-09-21,0,0,5,13766097
20266,2020-09-22,4,5,5,38902901
20267,2020-09-23,2,3,8,37652324
20268,2020-09-24,9,2,2,21748705
20269,2020-09-25,1,9,6,26161813
20270,2020-09-26,7,9,2,25581902
20271,2020-09-27,7,4,7,27134685
20272,2020-09-28,0,7,4,46681580
20273,2020-09-29,2,1,7,33190516
20274,2020-09-30,9,4,6,26783807
20275,2020-10-01,7,4,3,35816326
20276,2020-10-02,7,1,3,35592924
20277,2020-10-03,9,5,9,29855659
20278,2020-10-04,4,0,6,28420066
20279,2020-10-05,0,9,0,43334803
20280,2020-10-06,4,3,9,33643859
20281,2020-10-07,3,3,9,26819279
20282,2020-10-08,2,1,0,30732134
20283,2020-10-09,7,0,9,34485422
20284,2020-10-10,2,1,4,31925749
20285,2020-10-11,6,2,3,18869093
20286,2020-10-12,8,5,8,43674876
20287,2020-10-13,4,2,4,42336260
20288,2020-10-14,4,5,1,41429187
20289,2020-10-15,1,2,3,36669833
20290,2020-10-16,8,5,1,36479450
20291,2020-10-17,0,4,8,18293899
20292,2020-10-18,7,5,4,49229163
20293,2020-10-19,6,5,1,25691522
20294,2020-10-20,7,0,9,47675411
20295,2020-10-21,5,9,3,14242423
20296,2020-10-22,7,4,6,17829989
20297,2020-10-23,2,0,0,30425561
20298,2020-10-24,7,1,1,25757163
20299,2020-10-25,8,2,6,40443517
20300,2020-10-26,5,8,6,49415743
20301,2020-10-27,2,6,1,42839523
20302,2020-10-28,9,6,4,12195552
20303,2020-10-29,5,3,7,39843033
20304,2020-10-30,3,5,1,34651431
20305,2020-10-31,8,5,0,36718699
20306,2020-11-01,4,3,1,40515566
20307,2020-11-02,1,3,9,11433274
20308,2020-11-03,0,5,3,18450608
20309,2020-11-04,9,3,1,47192255
20310,2020-11-05,3,9,3,25636276
20311,2020-11-06,5,2,9,10190290
20312,2020-11-07,4,2,2,46253245
20313,2020-11-08,4,2,1,11730076
20314,2020-11-09,2,0,5,25967319
20315,2020-11-10,9,5,0,21693464
20316,2020-11-11,4,0,2,38250184
20317,2020-11-12,8,1,1,41960325
20318,2020-11-13,7,5,8,49840252
20319,2020-11-14,1,7,8,24867952
20320,2020-11-15,9,0,8,30242068
20321,2020-11-16,7,0,0,42143931
20322,2020-11-17,6,6,1,42901385
20323,2020-11-18,7,1,1,31616558
20324,2020-11-19,9,2,1,18468574
20325,2020-11-20,4,9,9,46799577
20326,2020-11-21,5,6,9,45605066
20327,2020-11-22,4,7,8,38870188
20328,2020-11-23,1,1,8,24429953
20329,2020-11-24,6,7,3,37770558
20330,2020-11-25,5,7,6,37916592
20331,2020-11-26,1,5,6,30973101
20332,2020-11-27,4,5,2,41827579
20333,2020-11-28,1,1,1,16256566
20334,2020-11-29,6,1,5,18731900
20335,2020-11-30,8,0,9,47687426
20336,2020-12-01,8,5,1,37568900
20337,2020-12-02,5,6,0,29302482
20338,2020-12-03,9,4,5,16952516
20339,2020-12-04,9,8,3,20383766
20340,2020-12-05,7,3,1,33495752
20341,2020-12-06,8,5,1,28694396
20342,2020-12-07,9,3,6,47645770
20343,2020-12-08,9,9,8,11761864
20344,2020-12-09,9,4,0,22107517
20345,2020-12-10,4,4,5,33556783
20346,2020-12-11,0,2,2,48005165
20347,2020-12-12,6,1,2,12057363
20348,2020-12-13,1,8,3,35245979
20349,2020-12-14,6,7,5,20563557
20350,2020-12-15,5,4,5,48090558
20351,2020-12-16,9,1,0,20440790
20352,2020-12-17,2,9,0,15474843
20353,2020-12-18,4,7,6,42592205
20354,2020-12-19,9,7,6,28331916
20355,2020-12-20,3,8,1,33164158
20356,2020-12-21,6,1,4,49804565
20357,2020-12-22,7,8,4,13047907
20358,2020-12-23,3,6,9,13676355
20359,2020-12-24,0,3,4,24175672
20360,2020-12-25,2,4,4,32019918
20361,2020-12-26,1,0,7,38900768
20362,2020-12-27,2,2,6,45740996
20363,2020-12-28,3,8,8,33767756
20364,2020-12-29,1,6,0,39274201
20365,2020-12-30,0,7,1,31009143
20366,2020-12-31,9,6,9,37140360
21001,2021-01-01,6,4,1,37181258
21002,2021-01-02,0,5,2,40876580
21003,2021-01-03,5,1,6,17104354
21004,2021-01-04,3,6,9,36873732
21005,2021-01-05,8,1,6,30822173
21006,2021-01-06,5,3,5,21283195
21007,2021-01-07,1,8,1,45608286
21008,2021-01-08,8,3,5,33561904
21009,2021-01-09,2,3,1,19827705
21010,2021-01-10,4,3,2,20258917
21011,2021-01-11,1,2,7,41135363
21012,2021-01-12,9,9,7,47882402
21013,2021-01-13,9,5,5,20130579
21014,2021-01-14,7,1,7,39676080
21015,2021-01-15,4,4,9,13769647
21016,2021-01-16,5,8,1,30831118
21017,2021-01-17,7,7,0,13817826
21018,2021-01-18,5,4,1,16059695
21019,2021-01-19,9,9,8,35802182
21020,2021-01-20,7,9,8,12752987
21021,2021-01-21,7,9,3,31577295
21022,2021-01-22,9,7,8,20124115
21023,2021-01-23,0,7,1,33047718
21024,2021-01-24,1,8,2,12626783
21025,2021-01-25,3,7,7,45169645
21026,2021-01-26,8,9,2,34420778
21027,2021-01-27,5,4,6,37432049
21028,2021-01-28,5,9,0,32457937
21029,2021-01-29,1,5,1,47444277
21030,2021-01-30,6,4,4,20091383
21031,2021-01-31,5,1,9,19491097
21032,2021-02-01,5,4,6,18653799
21033,2021-02-02,9,1,4,47508625
21034,2021-02-03,6,5,2,45325659
21035,2021-02-04,1,6,8,34281872
21036,2021-02-05,0,5,4,22097239
21037,2021-02-06,3,5,7,22885253
21038,2021-02-07,3,2,2,15178461
21039,2021-02-08,4,1,8,46223402
21040,2021-02-09,8,0,5,18794552
21041,2021-02-10,9,6,2,20888226
21042,2021-02-11,2,9,2,39371765
21043,2021-02-12,0,6,5,25940381
21044,2021-02-13,7,9,4,40127045
21045,2021-02-14,3,8,3,30768038
21046,2021-02-15,7,3,5,48280197
21047,2021-02-16,7,7,4,35627025
21048,2021-02-17,8,8,6,20875539
21049,2021-02-18,3,9,2,26777431
21050,2021-02-19,0,7,5,47214599
21051,2021-02-20,1,8,1,29130255
21052,2021-02-21,1,2,4,40153302
21053,2021-02-22,8,2,6,16154793
21054,2021-02-23,3,7,5,11789806
21055,2021-02-24,6,0,6,43689127
21056,2021-02-25,5,3,6,15476448
21057,2021-02-26,5,3,0,31386579
21058,2021-02-27,1,5,2,19234152
21059,2021-02-28,0,4,7,19314219
21060,2021-03-01,7,7,9,10352401
21061,2021-03-02,1,0,4,24472344
21062,2021-03-03,2,8,9,45418146
21063,2021-03-04,6,1,4,25947765
21064,2021-03-05,4,1,0,26001404
21065,2021-03-06,6,9,7,14214916
21066,2021-03-07,1,7,9,45973960
21067,2021-03-08,0,8,9,26236193
21068,2021-03-09,2,4,6,10104980
21069,2021-03-10,9,5,3,48296593
21070,2021-03-11,6,2,1,45130453
21071,2021-03-12,5,1,8,46512722
21072,2021-03-13,8,8,8,11364612
21073,2021-03-14,6,7,0,35963165
21074,2021-03-15,5,4,0,33964164
21075,2021-03-16,1,5,3,16956764
21076,2021-03-17,9,5,2,12975317
21077,2021-03-18,5,8,5,21750032
21078,2021-03-19,7,7,2,19049803
21079,2021-03-20,1,7,0,29692597
21080,2021-03-21,3,0,3,12812260
21081,2021-03-22,5,4,8,36724363
21082,2021-03-23,8,7,4,12457578
21083,2021-03-24,3,4,5,13208074
21084,2021-03-25,5,4,1,34697348
21085,2021-03-26,6,6,7,35947291
21086,2021-03-27,5,2,7,43388229
21087,2021-03-28,5,8,4,15543964
21088,2021-03-29,6,1,6,22110229
21089,2021-03-30,8,4,5,16885229
21090,2021-03-31,1,5,4,30568588
21091,2021-04-01,7,9,6,21183341
21092,2021-04-02,7,5,7,12842406
21093,2021-04-03,5,9,6,28425098
21094,2021-04-04,0,1,6,34381397
21095,2021-04-05,8,2,0,19581767
21096,2021-04-06,9,7,0,18471153
21097,2021-04-07,1,3,5,34303514
21098,2021-04-08,6,9,0,20297060
21099,2021-04-09,7,5,5,39792261
21100,2021-04-10,1,9,2,45531451
21101,2021-04-11,5,6,5,28702553
21102,2021-04-12,3,1,0,22485473
21103,2021-04-13,7,8,6,47693217
21104,2021-04-14,1,4,4,39948881
21105,2021-04-15,3,9,4,42963887
21106,2021-04-16,3,1,2,14969548
21107,2021-04-17,7,2,7,15891536
21108,2021-04-18,5,5,1,46909683
21109,2021-04-19,8,4,4,20569998
21110,2021-04-20,2,5,8,25048600
21111,2021-04-21,1,3,2,25887096
21112,2021-04-22,7,0,5,47179749
21113,2021-04-23,9,5,7,47020399
21114,2021-04-24,2,9,1,14412280
21115,2021-04-25,4,6,7,45278838
21116,2021-04-26,6,6,9,14949326
21117,2021-04-27,2,5,1,40197277
21118,2021-04-28,7,8,5,18612389
21119,2021-04-29,8,9,2,18659255
21120,2021-04-30,6,8,0,18332311
21121,2021-05-01,8,2,4,21049949
21122,2021-05-02,2,5,3,33221215
21123,2021-05-03,8,4,1,26817837
21124,2021-05-04,3,8,4,18400036
21125,2021-05-05,4,9,8,16269874
21126,2021-05-06,8,2,9,48966527
21127,2021-05-07,2,2,9,32657266
21128,2021-05-08,9,0,0,15450773
21129,2021-05-09,0,9,4,24147110
21130,2021-05-10,9,6,9,12032452
21131,2021-05-11,7,8,4,30273192
21132,2021-05-12,7,3,6,29960449
21133,2021-05-13,7,1,0,20608599
21134,2021-05-14,7,6,7,41168185
21135,2021-05-15,3,5,9,19641442
21136,2021-05-16,5,5,5,36757418
21137,2021-05-17,2,5,8,47691775
21138,2021-05-18,1,5,3,41304444
21139,2021-05-19,1,4,7,26637554
21140,2021-05-20,2,1,0,29475797
21141,2021-05-21,6,9,6,26661136
21142,2021-05-22,2,5,9,30985943
21143,2021-05-23,3,2,7,44542599
21144,2021-05-24,7,7,4,43377954
21145,2021-05-25,0,1,6,43919803
21146,2021-05-26,7,3,3,49147560
21147,2021-05-27,5,0,0,28881504
21148,2021-05-28,7,9,7,29176249
21149,2021-05-29,8,0,1,38919073
21150,2021-05-30,2,4,5,37061922
21151,2021-05-31,5,0,6,13433134
21152,2021-06-01,9,8,3,34328558
21153,2021-06-02,8,4,1,35927430
21154,2021-06-03,8,7,8,28771736
21155,2021-06-04,9,9,1,18634453
21156,2021-06-05,1,6,5,32755629
21157,2021-06-06,8,5,2,23358548
21158,2021-06-07,9,8,6,43559660
21159,2021-06-08,0,0,0,19196355
21160,2021-06-09,5,7,8,40667983
21161,2021-06-10,2,9,8,19380543
21162,2021-06-11,5,9,5,20905327
21163,2021-06-12,6,9,4,49844187
21164,2021-06-13,5,8,8,45724721
21165,2021-06-14,7,9,4,41869502
21166,2021-06-15,0,5,5,17355439
21167,2021-06-16,6,9,4,11788260
21168,2021-06-17,9,7,4,48820755
21169,2021-06-18,9,3,0,49159584
21170,2021-06-19,7,2,8,35514141
21171,2021-06-20,2,3,0,48424540
21172,2021-06-21,1,3,0,39597597
21173,2021-06-22,5,6,2,37713283
21174,2021-06-23,3,6,8,41648906
21175,2021-06-24,0,2,8,23914466
21176,2021-06-25,8,5,7,45264174
21177,2021-06-26,6,5,2,40847497
21178,2021-06-27,8,5,8,33775797
21179,2021-06-28,4,9,7,22902629
21180,2021-06-29,3,4,8,30031939
21181,2021-06-30,3,4,4,23910177
21182,2021-07-01,7,5,7,33407784
21183,2021-07-02,8,4,4,18178832
21184,2021-07-03,9,8,6,36476624
21185,2021-07-04,5,2,4,12823034
21186,2021-07-05,4,1,5,39687358
21187,2021-07-06,4,7,3,23560554
21188,2021-07-07,8,4,8,28228208
21189,2021-07-08,2,1,9,49381528
21190,2021-07-09,3,3,0,45637591
21191,2021-07-10,3,3,0,16724171
21192,2021-07-11,6,5,7,16747454
21193,2021-07-12,2,0,8,20599246
21194,2021-07-13,6,7,7,23385263
21195,2021-07-14,4,5,4,13970333
21196,2021-07-15,1,9,3,45913461
21197,2021-07-16,0,2,6,21796980
21198,2021-07-17,0,6,7,22503161
21199,2021-07-18,4,0,0,30024762
21200,2021-07-19,9,9,1,32484295
21201,2021-07-20,4,7,8,45186421
21202,2021-07-21,7,2,8,41408342
21203,2021-07-22,4,3,1,32191834
21204,2021-07-23,2,7,4,22495608
21205,2021-07-24,0,5,4,48103152
21206,2021-07-25,3,2,9,37211998
21207,2021-07-26,6,8,5,15820873
21208,2021-07-27,6,1,2,19436303
21209,2021-07-28,7,5,3,10458361
21210,2021-07-29,4,6,3,39979913
21211,2021-07-30,4,5,4,49088279
21212,2021-07-31,9,0,4,34129132
21213,2021-08-01,3,0,1,41232129
21214,2021-08-02,4,2,6,43723577
21215,2021-08-03,4,1,4,34665453
21216,2021-08-04,9,3,3,18963649
21217,2021-08-05,7,2,7,35073538
21218,2021-08-06,6,8,7,46072201
21219,2021-08-07,3,3,9,15494223
21220,2021-08-08,8,7,8,34278971
21221,2021-08-09,1,9,1,14144512
21222,2021-08-10,8,8,3,48433358
21223,2021-08-11,8,2,2,32019601
21224,2021-08-12,8,7,1,23784260
21225,2021-08-13,9,7,1,44250710
21226,2021-08-14,7,0,7,18854634
21227,2021-08-15,8,6,7,47843439
21228,2021-08-16,0,8,7,30680909
21229,2021-08-17,0,6,4,10202364
21230,2021-08-18,3,9,1,13039347
21231,2021-08-19,6,5,1,46316867
21232,2021-08-20,0,1,7,12129691
21233,2021-08-21,4,6,2,19088477
21234,2021-08-22,6,5,6,40100817
21235,2021-08-23,6,6,1,46191828
21236,2021-08-24,2,5,1,21977162
21237,2021-08-25,8,6,8,18546118
21238,2021-08-26,3,0,0,30022801
21239,2021-08-27,7,8,6,45697460
21240,2021-08-28,6,3,3,40912039
21241,2021-08-29,5,2,4,22648708
21242,2021-08-30,1,0,6,11049971
21243,2021-08-31,3,3,1,16771063
21244,2021-09-01,9,0,7,13266612
21245,2021-09-02,3,0,6,39458295
21246,2021-09-03,3,8,3,13787895
21247,2021-09-04,2,8,4,25714313
21248,2021-09-05,9,5,9,31519471
21249,2021-09-06,3,4,2,44980566
21250,2021-09-07,3,6,4,28465267
21251,2021-09-08,0,8,9,21752989
21252,2021-09-09,6,8,7,13146338
21253,2021-09-10,5,6,8,31389907
21254,2021-09-11,6,6,2,30125176
21255,2021-09-12,6,2,8,41777310
21256,2021-09-13,3,3,4,19687281
21257,2021-09-14,7,0,8,37694317
21258,2021-09-15,6,8,8,18998812
21259,2021-09-16,6,3,4,23645697
21260,2021-09-17,5,1,7,34902589
21261,2021-09-18,1,8,3,13458564
21262,2021-09-19,4,6,9,12653991
21263,2021-09-20,1,3,9,47503820
21264,2021-09-21,3,7,3,32344856
21265,2021-09-22,4,0,3,22752274
21266,2021-09-23,1,7,3,23724644
21267,2021-09-24,6,3,8,31583217
21268,2021-09-25,4,6,7,45812653
21269,2021-09-26,5,4,4,34135341
21270,2021-09-27,8,7,7,16617486
21271,2021-09-28,7,5,3,34877586
21272,2021-09-29,5,6,0,47750395
21273,2021-09-30,3,2,0,27500254
21274,2021-10-01,8,9,9,38023190
21275,2021-10-02,4,2,3,32136884
21276,2021-10-03,3,6,9,26490662
21277,2021-10-04,7,8,5,27268906
21278,2021-10-05,7,7,7,21289968
21279,2021-10-06,5,2,2,46678103
21280,2021-10-07,7,2,8,13941441
21281,2021-10-08,8,0,1,13255745
21282,2021-10-09,0,6,2,25531232
21283,2021-10-10,1,2,0,24678028
21284,2021-10-11,8,7,5,14056738
21285,2021-10-12,9,9,7,42739353
21286,2021-10-13,0,0,8,47020172
21287,2021-10-14,6,0,0,45528616
21288,2021-10-15,4,8,4,11150420
21289,2021-10-16,8,6,2,17181750
21290,2021-10-17,1,8,2,26171144
21291,2021-10-18,3,9,8,26939498
21292,2021-10-19,5,4,6,15302891
21293,2021-10-20,5,6,7,47916654
21294,2021-10-21,3,3,4,15410109
21295,2021-10-22,0,1,6,35451977
21296,2021-10-23,6,8,7,13765809
21297,2021-10-24,0,2,1,43544928
21298,2021-10-25,6,5,9,16399624
21299,2021-10-26,8,0,3,24187958
21300,2021-10-27,9,7,4,13124720
21301,2021-10-28,1,4,8,47816506
21302,2021-10-29,0,2,5,11050796
21303,2021-10-30,3,9,2,36729193
21304,2021-10-31,1,4,2,47846594
21305,2021-11-01,3,9,6,46276530
21306,2021-11-02,5,6,2,15263193
21307,2021-11-03,8,5,0,16555582
21308,2021-11-04,6,3,1,32856792
21309,2021-11-05,9,9,9,36622290
21310,2021-11-06,5,0,4,40235911
21311,2021-11-07,7,3,5,47113733
21312,2021-11-08,6,6,2,49317413
21313,2021-11-09,6,1,9,29822581
21314,2021-11-10,3,1,1,27983298
21315,2021-11-11,2,6,2,36147088
21316,2021-11-12,5,5,1,16141832
21317,2021-11-13,0,4,7,34153654
21318,2021-11-14,4,1,2,15858418
21319,2021-11-15,2,6,7,47378632
21320,2021-11-16,8,8,6,16931871
21321,2021-11-17,0,1,5,47193061
21322,2021-11-18,1,9,9,31772150
21323,2021-11-19,6,0,4,37770323
21324,2021-11-20,6,1,8,26290174
21325,2021-11-21,9,8,2,35550493
21326,2021-11-22,2,2,4,30208577
21327,2021-11-23,4,7,2,14245786
21328,2021-11-24,2,6,4,38259699
21329,2021-11-25,4,7,1,34234682
21330,2021-11-26,4,3,7,49849672
21331,2021-11-27,9,3,7,17178794
21332,2021-11-28,2,4,0,36554439
21333,2021-11-29,5,9,6,32115170
21334,2021-11-30,7,5,6,49889033
21335,2021-12-01,2,4,5,23478915
21336,2021-12-02,7,5,2,36725405
21337,2021-12-03,5,4,7,48646604
21338,2021-12-04,3,5,6,28810624
21339,2021-12-05,6,5,1,47839367
21340,2021-12-06,3,9,8,22074710
21341,2021-12-07,8,0,7,24069265
21342,2021-12-08,7,4,1,37457027
21343,2021-12-09,7,2,4,26241765
21344,2021-12-10,4,2,6,35299425
21345,2021-12-11,1,7,9,42160896
21346,2021-12-12,9,6,8,43998198
21347,2021-12-13,6,8,0,34127615
21348,2021-12-14,8,9,1,17339657
21349,2021-12-15,3,5,2,12972700
21350,2021-12-16,9,6,5,38887382
21351,2021-12-17,1,0,1,27363638
21352,2021-12-18,3,8,8,47446304
21353,2021-12-19,9,9,3,39915692
21354,2021-12-20,5,6,7,49499603
21355,2021-12-21,8,2,5,11648371
21356,2021-12-22,7,1,4,37915638
21357,2021-12-23,1,1,2,33375940
21358,2021-12-24,4,5,7,23882631
21359,2021-12-25,8,7,5,41954726
21360,2021-12-26,1,7,7,31401652
21361,2021-12-27,1,4,0,17723241
21362,2021-12-28,0,5,1,21029616
21363,2021-12-29,3,8,2,47038072
21364,2021-12-30,2,5,8,38613164
21365,2021-12-31,7,3,6,22378349
22001,2022-01-01,2,6,6,11959060
22002,2022-01-02,9,3,7,49742081
22003,2022-01-03,6,6,0,24414722
22004,2022-01-04,3,4,1,48745162
22005,2022-01-05,1,8,2,34547954
22006,2022-01-06,5,3,7,17647388
22007,2022-01-07,4,7,8,31032193
22008,2022-01-08,9,6,9,36343182
22009,2022-01-09,9,1,5,33621308
22010,2022-01-10,7,9,2,29961184
22011,2022-01-11,9,9,1,18989082
22012,2022-01-12,5,1,3,30493705
22013,2022-01-13,1,2,5,19486411
22014,2022-01-14,8,6,6,19252117
22015,2022-01-15,9,6,6,22465719
22016,2022-01-16,7,8,2,47239552
22017,2022-01-17,2,7,4,19415141
22018,2022-01-18,2,5,7,13597790
22019,2022-01-19,5,0,7,19162689
22020,2022-01-20,3,6,8,43919371
22021,2022-01-21,7,6,7,37892486
22022,2022-01-22,7,7,2,15547931
22023,2022-01-23,9,0,3,29601822
22024,2022-01-24,0,4,3,46078303
22025,2022-01-25,4,2,7,47960159
22026,2022-01-26,7,8,8,17597461
22027,2022-01-27,9,1,4,46447238
22028,2022-01-28,5,8,0,39619609
22029,2022-01-29,8,3,6,16873050
22030,2022-01-30,3,4,0,40181026
22031,2022-01-31,4,5,1,39465482
22032,2022-02-01,1,3,3,49454904
22033,2022-02-02,5,9,6,21138837
22034,2022-02-03,9,2,3,23887690
22035,2022-02-04,0,9,5,45720759
22036,2022-02-05,4,9,8,21299613
22037,2022-02-06,5,4,4,48435634
22038,2022-02-07,4,8,1,19099217
22039,2022-02-08,6,0,4,18515320
22040,2022-02-09,2,3,2,31615544
22041,2022-02-10,3,6,7,19540976
22042,2022-02-11,9,4,6,35177388
22043,2022-02-12,7,1,1,37034857
22044,2022-02-13,8,4,5,40514108
22045,2022-02-14,7,5,9,10165965
22046,2022-02-15,1,7,5,14250050
22047,2022-02-16,8,6,3,38832860
22048,2022-02-17,3,7,4,31667113
22049,2022-02-18,4,5,8,48784470
22050,2022-02-19,2,9,7,33067975
22051,2022-02-20,0,0,1,40842010
22052,2022-02-21,0,1,2,39614198
22053,2022-02-22,7,0,6,23577344
22054,2022-02-23,2,4,2,28389134
22055,2022-02-24,1,5,4,15531148
22056,2022-02-25,5,2,0,36598032
22057,2022-02-26,4,3,6,16120273
22058,2022-02-27,1,0,3,41997956
22059,2022-02-28,1,2,9,25179411
22060,2022-03-01,8,7,0,10541069
22061,2022-03-02,5,1,6,18870124
22062,2022-03-03,7,1,3,35707387
22063,2022-03-04,1,1,1,31028661
22064,2022-03-05,5,4,2,35683974
22065,2022-03-06,2,2,1,45601807
22066,2022-03-07,9,0,9,21013675
22067,2022-03-08,7,5,3,20158545
22068,2022-03-09,6,9,7,24579043
22069,2022-03-10,1,1,2,18264941
22070,2022-03-11,9,6,5,38815790
22071,2022-03-12,5,2,3,28586984
22072,2022-03-13,1,3,8,29120711
22073,2022-03-14,0,4,3,44745555
22074,2022-03-15,9,8,3,36289965
22075,2022-03-16,4,0,3,43211352
22076,2022-03-17,6,1,3,43526416
22077,2022-03-18,9,1,8,10809803
22078,2022-03-19,5,5,2,35960275
22079,2022-03-20,9,6,5,46665345
22080,2022-03-21,2,7,1,11120006
22081,2022-03-22,9,1,0,27594956
22082,2022-03-23,3,0,0,36707651
22083,2022-03-24,8,4,8,37879169
22084,2022-03-25,6,6,1,46008255
22085,2022-03-26,8,9,2,28620544
22086,2022-03-27,1,4,1,44313077
22087,2022-03-28,3,2,8,31927841
22088,2022-03-29,6,9,1,30815122
22089,2022-03-30,6,3,0,26406758
22090,2022-03-31,1,6,1,40425269
22091,2022-04-01,9,9,0,30756104
22092,2022-04-02,2,1,0,19208127
22093,2022-04-03,0,2,7,33266987
22094,2022-04-04,8,8,4,21204694
22095,2022-04-05,5,2,4,17922652
22096,2022-04-06,0,5,6,28252308
22097,2022-04-07,8,1,4,48698438
22098,2022-04-08,1,7,7,44277991
22099,2022-04-09,5,0,7,48043084
22100,2022-04-10,2,5,2,27120550
22101,2022-04-11,1,9,1,25327961
22102,2022-04-12,8,0,0,10824638
22103,2022-04-13,3,0,7,34426049
22104,2022-04-14,6,2,2,12373209
22105,2022-04-15,8,6,3,31595767
22106,2022-04-16,3,6,5,28203813
22107,2022-04-17,1,9,5,18012860
22108,2022-04-18,8,0,2,24977695
22109,2022-04-19,8,0,6,14625574
22110,2022-04-20,7,4,4,31964793
22111,2022-04-21,1,8,7,10534802
22112,2022-04-22,5,3,4,47836429
22113,2022-04-23,4,9,3,41133593
22114,2022-04-24,5,9,7,23114576
22115,2022-04-25,8,3,2,10428012
22116,2022-04-26,6,0,3,46342483
22117,2022-04-27,5,0,5,10098115
22118,2022-04-28,6,4,1,23770361
22119,2022-04-29,8,3,6,43019498
22120,2022-04-30,0,2,4,16242912
22121,2022-05-01,0,3,8,37719772
22122,2022-05-02,5,7,1,48974857
22123,2022-05-03,1,8,2,36464467
22124,2022-05-04,1,9,9,14179732
22125,2022-05-05,6,2,3,29574046
22126,2022-05-06,4,5,6,31894372
22127,2022-05-07,5,7,4,25677384
22128,2022-05-08,1,3,2,49239092
22129,2022-05-09,1,2,1,21031018
22130,2022-05-10,7,7,5,37280595
22131,2022-05-11,1,8,5,23934231
22132,2022-05-12,7,4,7,27784380
22133,2022-05-13,1,1,2,30415521
22134,2022-05-14,9,0,3,31997860
22135,2022-05-15,2,1,3,33873492
22136,2022-05-16,6,8,0,30054860
22137,2022-05-17,4,2,0,37138302
22138,2022-05-18,7,8,8,26767326
22139,2022-05-19,1,7,1,19381352
22140,2022-05-20,1,0,0,24917504
22141,2022-05-21,2,3,6,34980586
22142,2022-05-22,1,9,9,27369159
22143,2022-05-23,1,0,1,23270800
22144,2022-05-24,7,2,1,32249936
22145,2022-05-25,1,0,7,13398238
22146,2022-05-26,2,9,6,36507913
22147,2022-05-27,7,0,6,38632937
22148,2022-05-28,2,5,3,22559498
22149,2022-05-29,4,4,7,19974485
22150,2022-05-30,0,9,9,26494337
22151,2022-05-31,4,7,6,46956090
22152,2022-06-01,7,0,1,28775448
22153,2022-06-02,6,2,6,23385386
22154,2022-06-03,8,3,8,11310634
22155,2022-06-04,6,5,7,46541971
22156,2022-06-05,7,5,9,43715040
22157,2022-06-06,5,6,4,22067239
22158,2022-06-07,0,5,9,24698196
22159,2022-06-08,0,4,0,41654203
22160,2022-06-09,8,5,9,25620401
22161,2022-06-10,2,1,3,26183490
22162,2022-06-11,4,8,0,24724462
22163,2022-06-12,9,6,5,21657617
22164,2022-06-13,2,3,9,31340911
22165,2022-06-14,5,9,0,33600989
22166,2022-06-15,9,9,2,47789597
22167,2022-06-16,3,7,8,30740200
22168,2022-06-17,2,7,0,16057070
22169,2022-06-18,0,3,9,24684019
22170,2022-06-19,0,8,7,10045868
22171,2022-06-20,5,9,3,18757005
22172,2022-06-21,5,2,5,13996733
22173,2022-06-22,0,2,9,19506149
22174,2022-06-23,1,8,5,14867513
22175,2022-06-24,5,6,9,16780154
22176,2022-06-25,5,4,5,19157116
22177,2022-06-26,2,6,7,31292528
22178,2022-06-27,2,8,9,33946157
22179,2022-06-28,3,9,2,35392927
22180,2022-06-29,4,4,2,21925801
22181,2022-06-30,0,9,6,48083123
22182,2022-07-01,0,2,9,31355175
22183,2022-07-02,9,3,9,16986719
22184,2022-07-03,7,2,5,15221515
22185,2022-07-04,3,5,5,21266733
22186,2022-07-05,1,5,7,10764747
22187,2022-07-06,4,3,3,14549630
22188,2022-07-07,5,4,1,10085977
22189,2022-07-08,0,6,7,38162451
22190,2022-07-09,2,6,7,35414970
22191,2022-07-10,5,8,6,16806755
22192,2022-07-11,7,9,3,20915693
22193,2022-07-12,7,1,0,29790982
22194,2022-07-13,0,5,4,17027979
22195,2022-07-14,1,5,2,35196552
22196,2022-07-15,2,1,8,16248149
22197,2022-07-16,5,9,9,42395917
22198,2022-07-17,0,6,2,39138694
22199,2022-07-18,2,0,1,32219381
22200,2022-07-19,3,3,6,47185855
22201,2022-07-20,8,4,4,29958219
22202,2022-07-21,3,1,0,36367221
22203,2022-07-22,9,8,7,20307246
22204,2022-07-23,0,5,0,38696150
22205,2022-07-24,1,4,9,42234293
22206,2022-07-25,3,1,0,23888379
22207,2022-07-26,2,4,1,41780788
22208,2022-07-27,1,4,6,41604547
22209,2022-07-28,7,4,1,46515679
22210,2022-07-29,6,2,5,35598353
22211,2022-07-30,5,2,7,12994191
22212,2022-07-31,4,7,7,27676529
22213,2022-08-01,3,4,9,14136548
22214,2022-08-02,2,1,1,33071449
22215,2022-08-03,8,6,9,25268122
22216,2022-08-04,8,0,6,45069902
22217,2022-08-05,6,8,7,48434205
22218,2022-08-06,3,7,4,15298583
22219,2022-08-07,6,0,8,48333920
22220,2022-08-08,8,9,9,19895044
22221,2022-08-09,1,7,2,21218238
22222,2022-08-10,3,3,2,12863931
22223,2022-08-11,6,1,6,23550573
22224,2022-08-12,2,9,4,31458024
22225,2022-08-13,1,1,6,47336969
22226,2022-08-14,6,8,5,28535523
22227,2022-08-15,8,7,0,49431563
22228,2022-08-16,8,6,1,37812758
22229,2022-08-17,2,2,9,49455591
22230,2022-08-18,9,1,1,47761067
22231,2022-08-19,1,4,8,33076669
22232,2022-08-20,6,4,6,42587043
22233,2022-08-21,9,9,7,12514278
22234,2022-08-22,2,4,6,19653789
22235,2022-08-23,9,9,6,12602651
22236,2022-08-24,6,5,3,13307861
22237,2022-08-25,7,4,5,11357806
22238,2022-08-26,5,4,4,28813745
22239,2022-08-27,7,1,3,19018459
22240,2022-08-28,4,7,5,28080468
22241,2022-08-29,6,9,1,22612150
22242,2022-08-30,7,3,6,42511582
22243,2022-08-31,8,5,0,44579164
22244,2022-09-01,2,1,4,44010455
22245,2022-09-02,6,2,8,48162952
22246,2022-09-03,0,2,3,23470545
22247,2022-09-04,0,3,0,40631751
22248,2022-09-05,0,5,3,28386318
22249,2022-09-06,5,7,8,36638345
22250,2022-09-07,1,0,3,34995821
22251,2022-09-08,7,9,7,21917439
22252,2022-09-09,7,9,8,33471989
22253,2022-09-10,5,2,4,16066099
22254,2022-09-11,4,0,6,13332025
22255,2022-09-12,2,9,3,24854619
22256,2022-09-13,3,3,4,37481562
22257,2022-09-14,8,0,0,41816124
22258,2022-09-15,2,2,9,10567991
22259,2022-09-16,3,4,9,30499053
22260,2022-09-17,4,6,6,33401478
22261,2022-09-18,7,4,3,41319573
22262,2022-09-19,4,8,9,36652455
22263,2022-09-20,9,1,0,44327104
22264,2022-09-21,5,8,9,28970124
22265,2022-09-22,4,1,7,14284032
22266,2022-09-23,5,4,5,28581433
22267,2022-09-24,4,4,3,20061584
22268,2022-09-25,8,3,0,37118586
22269,2022-09-26,5,2,0,43378125
22270,2022-09-27,4,4,6,37152172
22271,2022-09-28,6,0,9,48389117
22272,2022-09-29,3,5,3,45878754
22273,2022-09-30,7,5,8,30145733
22274,2022-10-01,2,8,2,29715514
22275,2022-10-02,1,7,2,27357831
22276,2022-10-03,8,2,5,15992809
22277,2022-10-04,3,5,3,30608143
22278,2022-10-05,6,5,5,27485834
22279,2022-10-06,9,4,7,17904180
22280,2022-10-07,7,0,9,48944153
22281,2022-10-08,9,1,7,23055613
22282,2022-10-09,8,1,6,45556860
22283,2022-10-10,4,6,0,20118570
22284,2022-10-11,2,3,5,37460399
22285,2022-10-12,9,7,2,31232134
22286,2022-10-13,2,1,7,32322384
22287,2022-10-14,2,5,0,10316317
22288,2022-10-15,7,4,3,21314940
22289,2022-10-16,9,2,7,15908354
22290,2022-10-17,2,9,6,38817198
22291,2022-10-18,6,6,7,35723929
22292,2022-10-19,0,0,8,23382463
22293,2022-10-20,5,0,5,45637074
22294,2022-10-21,3,0,0,26698237
22295,2022-10-22,3,5,4,18652399
22296,2022-10-23,1,6,8,49505021
22297,2022-10-24,4,2,1,13068106
22298,2022-10-25,4,4,7,44915964
22299,2022-10-26,9,8,5,39102780
22300,2022-10-27,2,5,7,34108918
22301,2022-10-28,3,2,6,11283439
22302,2022-10-29,3,3,2,24172736
22303,2022-10-30,0,9,8,21340374
22304,2022-10-31,1,5,0,35178737
22305,2022-11-01,4,8,9,13260615
22306,2022-11-02,9,0,1,11324847
22307,2022-11-03,0,1,6,39817427
22308,2022-11-04,6,1,8,26960979
22309,2022-11-05,7,2,3,10624417
22310,2022-11-06,4,6,1,44917361
22311,2022-11-07,4,9,9,19204888
22312,2022-11-08,6,1,8,17901033
22313,2022-11-09,4,1,1,43402703
22314,2022-11-10,3,9,3,27649222
22315,2022-11-11,8,3,5,37498275
22316,2022-11-12,4,2,0,46784969
22317,2022-11-13,7,3,7,32186433
22318,2022-11-14,3,0,0,15972879
22319,2022-11-15,1,9,7,20008917
22320,2022-11-16,1,8,1,16797488
22321,2022-11-17,4,3,7,29865712
22322,2022-11-18,4,7,0,16698062
22323,2022-11-19,2,0,4,34173596
22324,2022-11-20,5,6,1,16375239
22325,2022-11-21,0,0,2,21442885
22326,2022-11-22,5,5,7,28005938
22327,2022-11-23,1,5,5,22272159
22328,2022-11-24,1,6,6,40637792
22329,2022-11-25,4,6,7,38302480
22330,2022-11-26,2,1,2,13935692
22331,2022-11-27,2,1,6,49644581
22332,2022-11-28,7,9,7,22164190
22333,2022-11-29,9,6,5,11933824
22334,2022-11-30,2,7,7,17579105
22335,2022-12-01,6,7,0,14250410
22336,2022-12-02,4,5,0,45219933
22337,2022-12-03,9,9,3,32702971
22338,2022-12-04,8,8,9,16391591
22339,2022-12-05,6,3,7,33202855
22340,2022-12-06,6,2,8,13661870
22341,2022-12-07,0,2,8,41493447
22342,2022-12-08,7,2,1,42993936
22343,2022-12-09,5,3,5,28666809
22344,2022-12-10,0,8,3,46943132
22345,2022-12-11,6,6,3,15290231
22346,2022-12-12,7,7,9,40071387
22347,2022-12-13,1,7,7,31210530
22348,2022-12-14,1,7,0,16888276
22349,2022-12-15,6,6,0,47388429
22350,2022-12-16,8,0,1,30441222
22351,2022-12-17,8,8,3,40615595
22352,2022-12-18,5,5,0,24959781
22353,2022-12-19,7,5,8,41751463
22354,2022-12-20,5,7,1,16538887
22355,2022-12-21,3,0,5,33832973
22356,2022-12-22,4,8,8,35091357
22357,2022-12-23,1,0,2,43045890
22358,2022-12-24,2,6,1,27065066
22359,2022-12-25,9,3,3,18103113
22360,2022-12-26,6,3,7,22789524
22361,2022-12-27,5,1,6,13120586
22362,2022-12-28,9,1,7,40694780
22363,2022-12-29,9,8,2,43475823
22364,2022-12-30,0,8,0,47126390
22365,2022-12-31,6,9,7,44113643
23001,2023-01-01,2,9,2,18615555
23002,2023-01-02,1,6,9,31598569
23003,2023-01-03,8,6,6,26659023
23004,2023-01-04,4,6,5,29741652
23005,2023-01-05,7,2,2,37698879
23006,2023-01-06,9,8,4,46762636
23007,2023-01-07,5,8,3,23481438
23008,2023-01-08,3,9,4,33172259
23009,2023-01-09,2,2,8,46405986
23010,2023-01-10,5,1,5,47733986
23011,2023-01-11,7,9,9,38016469
23012,2023-01-12,8,4,6,10857014
23013,2023-01-13,8,1,0,35559774
23014,2023-01-14,2,0,0,23415224
23015,2023-01-15,4,2,4,26814864
23016,2023-01-16,2,0,4,23690268
23017,2023-01-17,8,0,5,40373103
23018,2023-01-18,1,9,8,25053013
23019,2023-01-19,8,6,3,44287415
23020,2023-01-20,4,0,6,36008352
23021,2023-01-21,6,5,8,13610604
23022,2023-01-22,0,4,3,39733511
23023,2023-01-23,3,5,9,46682720
23024,2023-01-24,9,3,3,29741932
23025,2023-01-25,7,2,1,22547785
23026,2023-01-26,2,8,1,35313344
23027,2023-01-27,0,6,4,47352701
23028,2023-01-28,4,2,2,49190640
23029,2023-01-29,4,0,5,41294966
23030,2023-01-30,2,0,2,31651334
23031,2023-01-31,9,0,9,30210157
23032,2023-02-01,7,9,8,34030717
23033,2023-02-02,1,5,8,24761400
23034,2023-02-03,2,8,1,43899395
23035,2023-02-04,2,6,8,46039872
23036,2023-02-05,6,1,5,24844351
23037,2023-02-06,3,5,5,34212732
23038,2023-02-07,4,3,9,45601178
23039,2023-02-08,7,8,0,17698859
23040,2023-02-09,5,7,3,26362963
23041,2023-02-10,0,5,6,17608402
23042,2023-02-11,6,4,8,28980332
23043,2023-02-12,0,8,5,44514696
23044,2023-02-13,8,7,7,12942835
23045,2023-02-14,4,3,5,44486889
23046,2023-02-15,1,1,2,46102879
23047,2023-02-16,8,0,1,24145305
23048,2023-02-17,3,6,1,23796211
23049,2023-02-18,8,6,1,20318295
23050,2023-02-19,0,7,5,12542507
23051,2023-02-20,1,1,0,21944851
23052,2023-02-21,4,8,1,48585066
23053,2023-02-22,3,4,6,36040427
23054,2023-02-23,7,6,6,31233529
23055,2023-02-24,0,6,1,45892127
23056,2023-02-25,0,9,1,49299488
23057,2023-02-26,0,1,5,43744816
23058,2023-02-27,1,4,4,15805267
23059,2023-02-28,4,7,6,36515601
23060,2023-03-01,0,7,2,45800415
23061,2023-03-02,3,2,6,46622949
23062,2023-03-03,4,2,4,35040364
23063,2023-03-04,0,8,8,19487439
23064,2023-03-05,1,0,0,48434494
23065,2023-03-06,9,6,8,46743810
23066,2023-03-07,1,4,3,33075493
23067,2023-03-08,3,6,8,19560001
23068,2023-03-09,2,2,3,26961213
23069,2023-03-10,3,1,2,48070364
23070,2023-03-11,0,8,7,46887367
23071,2023-03-12,1,4,1,26823361
23072,2023-03-13,1,3,9,42694794
23073,2023-03-14,5,5,2,25739233
23074,2023-03-15,1,4,9,14684794
23075,2023-03-16,3,5,7,40242339
23076,2023-03-17,5,9,4,49202980
23077,2023-03-18,2,9,9,34460740
23078,2023-03-19,5,6,2,10324262
23079,2023-03-20,5,3,3,39267790
23080,2023-03-21,4,5,2,32250812
23081,2023-03-22,7,7,7,34074741
23082,2023-03-23,4,7,8,17303634
23083,2023-03-24,2,9,1,28831816
23084,2023-03-25,2,8,3,27665378
23085,2023-03-26,1,1,0,44036160
23086,2023-03-27,0,9,9,37188113
23087,2023-03-28,9,3,0,47016846
23088,2023-03-29,4,8,8,41682359
23089,2023-03-30,2,5,6,24985855
23090,2023-03-31,9,4,2,41185565
23091,2023-04-01,8,8,1,36627801
23092,2023-04-02,5,8,0,26031019
23093,2023-04-03,9,2,8,19420117
23094,2023-04-04,7,2,2,48007591
23095,2023-04-05,9,2,7,34078361
23096,2023-04-06,0,3,7,25552473
23097,2023-04-07,1,4,5,25704727
23098,2023-04-08,0,3,8,34243168
23099,2023-04-09,6,7,7,13116365
23100,2023-04-10,0,5,1,44988743
23101,2023-04-11,4,4,9,46530714
23102,2023-04-12,9,2,6,35401947
23103,2023-04-13,5,9,1,44672660
23104,2023-04-14,4,6,3,44653123
23105,2023-04-15,6,5,5,42672726
23106,2023-04-16,7,9,0,43677709
23107,2023-04-17,2,7,2,25434419
23108,2023-04-18,1,8,4,24194672
23109,2023-04-19,2,2,2,34308370
23110,2023-04-20,9,1,3,37824253
23111,2023-04-21,5,1,7,42132706
23112,2023-04-22,7,3,9,20821053
23113,2023-04-23,6,0,3,12895367
23114,2023-04-24,2,9,9,20813193
23115,2023-04-25,2,8,0,48404342
23116,2023-04-26,2,0,2,27331511
23117,2023-04-27,2,8,6,47822871
23118,2023-04-28,0,4,1,24535338
23119,2023-04-29,7,9,7,42324219
23120,2023-04-30,2,3,6,19577249
23121,2023-05-01,9,2,9,44279537
23122,2023-05-02,4,2,5,40431866
23123,2023-05-03,9,9,1,25422542
23124,2023-05-04,6,6,2,17286017
23125,2023-05-05,0,3,8,43846994
23126,2023-05-06,6,2,9,16462488
23127,2023-05-07,2,7,9,12619699
23128,2023-05-08,8,8,1,16253872
23129,2023-05-09,7,2,9,46190869
23130,2023-05-10,0,6,8,38231626
23131,2023-05-11,5,0,8,38786767
23132,2023-05-12,3,7,6,33522852
23133,2023-05-13,9,9,1,38554110
23134,2023-05-14,2,4,7,25603675
23135,2023-05-15,1,4,9,46489171
23136,2023-05-16,6,4,3,10367048
23137,2023-05-17,0,9,8,17907343
23138,2023-05-18,8,0,6,23785415
23139,2023-05-19,5,6,5,17152678
23140,2023-05-20,2,6,9,27021004
23141,2023-05-21,4,8,6,47894378
23142,2023-05-22,5,9,4,36672696
23143,2023-05-23,3,6,8,47417397
23144,2023-05-24,7,2,5,47520151
23145,2023-05-25,8,7,4,30579140
23146,2023-05-26,9,5,6,19265621
23147,2023-05-27,1,3,7,20857886
23148,2023-05-28,1,3,8,36881187
23149,2023-05-29,5,8,9,13493204
23150,2023-05-30,2,6,0,16112851
23151,2023-05-31,2,7,9,39217685
23152,2023-06-01,1,1,4,24882749
23153,2023-06-02,5,1,9,12533717
23154,2023-06-03,6,6,9,44964090
23155,2023-06-04,4,9,0,21762246
23156,2023-06-05,7,7,0,23536343
23157,2023-06-06,8,4,3,12255485
23158,2023-06-07,9,8,8,25547175
23159,2023-06-08,9,2,0,34141742
23160,2023-06-09,3,0,2,15827922
23161,2023-06-10,4,6,5,36517605
23162,2023-06-11,6,9,3,44745124
23163,2023-06-12,0,1,1,46882538
23164,2023-06-13,4,8,9,33360276
23165,2023-06-14,5,4,3,23054364
23166,2023-06-15,7,6,9,10312153
23167,2023-06-16,4,2,6,43973063
23168,2023-06-17,1,8,1,43767111
23169,2023-06-18,4,5,1,44446086
23170,2023-06-19,4,8,9,26786711
23171,2023-06-20,7,6,9,42455852
23172,2023-06-21,3,5,7,40918425
23173,2023-06-22,9,0,7,17802633
23174,2023-06-23,4,1,6,24789607
23175,2023-06-24,3,5,6,33695889
23176,2023-06-25,8,8,0,27673098
23177,2023-06-26,3,4,1,36771781
23178,2023-06-27,5,1,8,21977975
23179,2023-06-28,7,5,5,24667724
23180,2023-06-29,9,4,2,22761924
23181,2023-06-30,7,3,3,26244137
23182,2023-07-01,4,3,3,23607433
23183,2023-07-02,3,9,5,20468685
23184,2023-07-03,1,1,1,43062179
23185,2023-07-04,9,0,8,12836230
23186,2023-07-05,7,5,9,31167270
23187,2023-07-06,7,9,4,42937389
23188,2023-07-07,2,8,4,36701241
23189,2023-07-08,3,9,2,13633822
23190,2023-07-09,8,6,7,46290322
23191,2023-07-10,0,8,5,36421895
23192,2023-07-11,2,7,1,44776158
23193,2023-07-12,7,5,0,10793225
23194,2023-07-13,3,6,9,16761072
23195,2023-07-14,5,5,9,27428223
23196,2023-07-15,2,8,4,25914139
23197,2023-07-16,4,7,9,33024813
23198,2023-07-17,5,2,7,38450325
23199,2023-07-18,3,6,5,34499968
23200,2023-07-19,6,4,7,22072161
23201,2023-07-20,9,2,9,25338854
23202,2023-07-21,1,4,3,47268239
23203,2023-07-22,6,6,3,19787407
23204,2023-07-23,2,7,0,21851913
23205,2023-07-24,6,7,2,44695750
23206,2023-07-25,8,5,7,30134953
23207,2023-07-26,4,8,9,13201717
23208,2023-07-27,6,1,2,14028973
23209,2023-07-28,3,4,7,16462710
23210,2023-07-29,7,5,4,34223751
23211,2023-07-30,5,8,8,27294949
23212,2023-07-31,5,0,6,18136110
23213,2023-08-01,5,9,3,48712000
23214,2023-08-02,9,8,2,29099768
23215,2023-08-03,5,5,8,42715151
23216,2023-08-04,7,1,6,29228271
23217,2023-08-05,7,2,2,32641746
23218,2023-08-06,6,9,9,37163837
23219,2023-08-07,1,1,2,33060316
23220,2023-08-08,3,5,5,29552593
23221,2023-08-09,4,9,6,28203151
23222,2023-08-10,7,5,9,44959402
23223,2023-08-11,7,6,2,22340393
23224,2023-08-12,0,2,3,26887744
23225,2023-08-13,1,3,2,36645278
23226,2023-08-14,1,1,1,41754961
23227,2023-08-15,8,0,0,36643059
23228,2023-08-16,8,1,1,27612873
23229,2023-08-17,9,2,1,36162136
23230,2023-08-18,4,3,3,29070680
23231,2023-08-19,7,2,2,45349079
23232,2023-08-20,2,0,0,33947210
23233,2023-08-21,5,7,7,46277988
23234,2023-08-22,4,8,7,19067407
23235,2023-08-23,8,2,9,40638110
23236,2023-08-24,9,6,8,45821646
23237,2023-08-25,4,5,7,46216514
23238,2023-08-26,3,1,7,30660684
23239,2023-08-27,5,6,4,20450027
23240,2023-08-28,4,0,0,45119158
23241,2023-08-29,2,5,4,41487341
23242,2023-08-30,8,0,7,42015429
23243,2023-08-31,4,0,6,29657703
23244,2023-09-01,9,3,0,46789897
23245,2023-09-02,5,3,6,47618166
23246,2023-09-03,6,6,3,20956830
23247,2023-09-04,6,6,3,27648307
23248,2023-09-05,1,6,3,44669114
23249,2023-09-06,9,4,4,45698175
23250,2023-09-07,4,6,3,14594538
23251,2023-09-08,2,2,4,17405889
23252,2023-09-09,7,9,7,28262612
23253,2023-09-10,9,7,3,31518036
23254,2023-09-11,0,2,0,45901279
23255,2023-09-12,0,2,1,28932386
23256,2023-09-13,4,2,7,10550567
23257,2023-09-14,3,1,2,10988167
23258,2023-09-15,7,3,5,38202032
23259,2023-09-16,4,7,5,41117337
23260,2023-09-17,0,5,1,19803788
23261,2023-09-18,0,4,6,14790545
23262,2023-09-19,8,7,2,22897806
23263,2023-09-20,4,6,0,18184701
23264,2023-09-21,3,6,7,26586773
23265,2023-09-22,0,3,7,16305569
23266,2023-09-23,8,3,7,36113599
23267,2023-09-24,4,5,2,12831048
23268,2023-09-25,8,8,1,26999530
23269,2023-09-26,7,4,3,34187823
23270,2023-09-27,0,3,1,25835399
23271,2023-09-28,6,5,0,21231363
23272,2023-09-29,4,9,1,36562245
23273,2023-09-30,3,0,0,48995418
23274,2023-10-01,7,9,2,34924142
23275,2023-10-02,1,3,2,43549010
23276,2023-10-03,1,9,5,14030044
23277,2023-10-04,0,5,2,45994062
23278,2023-10-05,1,2,7,25614530
23279,2023-10-06,5,8,5,39441926
23280,2023-10-07,3,0,6,34036213
23281,2023-10-08,2,4,0,42568074
23282,2023-10-09,7,8,4,46422267
23283,2023-10-10,7,3,9,22524307
23284,2023-10-11,8,5,5,41433437
23285,2023-10-12,4,9,8,20760464
23286,2023-10-13,1,8,2,40157663
23287,2023-10-14,4,4,8,34636516
23288,2023-10-15,7,0,8,35437183
23289,2023-10-16,2,0,9,34432672
23290,2023-10-17,9,3,5,14250793
23291,2023-10-18,8,6,3,45169726
23292,2023-10-19,7,8,2,29000471
23293,2023-10-20,5,6,5,17413122
23294,2023-10-21,1,8,1,12937842
23295,2023-10-22,2,2,0,23561294
23296,2023-10-23,1,7,3,16627241
23297,2023-10-24,0,9,6,42877279
23298,2023-10-25,8,9,9,27175744
23299,2023-10-26,0,5,3,14756271
23300,2023-10-27,0,3,7,15365810
23301,2023-10-28,7,0,5,47448080
23302,2023-10-29,6,5,0,27838585
23303,2023-10-30,8,0,1,30394689
23304,2023-10-31,1,3,8,16517562
23305,2023-11-01,1,3,8,35859131
23306,2023-11-02,3,3,8,26694204
23307,2023-11-03,9,2,8,47456249
23308,2023-11-04,6,1,9,34022514
23309,2023-11-05,7,6,1,21194383
23310,2023-11-06,2,8,6,43869359
23311,2023-11-07,5,2,8,39730043
23312,2023-11-08,5,5,8,31787168
23313,2023-11-09,5,6,6,31706423
23314,2023-11-10,9,3,9,46616357
23315,2023-11-11,3,6,8,27051632
23316,2023-11-12,5,7,7,36648296
23317,2023-11-13,0,0,4,49980966
23318,2023-11-14,0,8,2,30256250
23319,2023-11-15,0,4,3,24416514
23320,2023-11-16,5,0,4,47155705
23321,2023-11-17,8,8,9,48360220
23322,2023-11-18,2,1,0,40894894
23323,2023-11-19,5,2,2,27783055
23324,2023-11-20,5,9,3,25635972
23325,2023-11-21,4,4,1,48284745
23326,2023-11-22,6,9,3,15180909
23327,2023-11-23,5,7,2,42767674
23328,2023-11-24,9,1,9,30159050
23329,2023-11-25,0,9,6,15266528
23330,2023-11-26,0,5,5,39145674
23331,2023-11-27,6,1,3,10767348
23332,2023-11-28,6,0,4,45190771
23333,2023-11-29,0,5,8,47910662
23334,2023-11-30,2,5,8,24817447
23335,2023-12-01,2,0,6,39904799
23336,2023-12-02,9,9,8,16045364
23337,2023-12-03,3,6,4,36462528
23338,2023-12-04,2,2,5,15539508
23339,2023-12-05,7,9,0,46785885
23340,2023-12-06,6,4,1,36744696
23341,2023-12-07,8,6,2,19051023
23342,2023-12-08,7,8,3,42739804
23343,2023-12-09,6,9,3,47659320
23344,2023-12-10,9,8,3,26261490
23345,2023-12-11,1,4,6,31703787
23346,2023-12-12,9,1,1,37755021
23347,2023-12-13,6,5,5,22783550
23348,2023-12-14,5,5,9,11624492
23349,2023-12-15,4,2,5,39676217
23350,2023-12-16,9,2,7,13011681
23351,2023-12-17,3,3,5,20468393
23352,2023-12-18,1,1,0,26310695
23353,2023-12-19,9,2,4,10921625
23354,2023-12-20,5,1,4,40203120
23355,2023-12-21,7,0,5,24026392
23356,2023-12-22,8,3,3,46669908
23357,2023-12-23,8,4,8,42415348
23358,2023-12-24,9,2,0,35273645
23359,2023-12-25,9,8,0,27143385
23360,2023-12-26,2,0,4,23468484
23361,2023-12-27,9,4,0,41202992
23362,2023-12-28,0,1,6,28207331
23363,2023-12-29,5,1,0,29629045
23364,2023-12-30,6,3,6,44127563
23365,2023-12-31,1,5,7,45672431
24001,2024-01-01,1,2,3,43598107
24002,2024-01-02,7,8,0,12667738
24003,2024-01-03,3,8,4,32385479
24004,2024-01-04,7,6,2,11232939
24005,2024-01-05,5,5,5,30288768
24006,2024-01-06,3,8,4,14161400
24007,2024-01-07,4,6,0,47241349
24008,2024-01-08,4,3,2,32936880
24009,2024-01-09,6,2,1,35649485
24010,2024-01-10,8,9,3,38006766
24011,2024-01-11,3,9,2,38619581
24012,2024-01-12,4,9,5,40143233
24013,2024-01-13,8,2,3,19299713
24014,2024-01-14,9,8,3,19268381
24015,2024-01-15,4,8,2,38861126
24016,2024-01-16,2,9,2,31306810
24017,2024-01-17,1,8,8,17944836
24018,2024-01-18,2,5,2,11978593
24019,2024-01-19,5,6,6,30357346
24020,2024-01-20,7,4,2,22612010
24021,2024-01-21,1,2,2,11758132
24022,2024-01-22,9,9,4,48053617
24023,2024-01-23,9,3,9,25581506
24024,2024-01-24,3,0,5,15333505
24025,2024-01-25,7,2,8,41458185
24026,2024-01-26,5,2,6,42980355
24027,2024-01-27,7,2,2,22969447
24028,2024-01-28,3,0,6,11007589
24029,2024-01-29,4,6,3,23611930
24030,2024-01-30,3,1,2,39479930
24031,2024-01-31,9,7,5,40705320
24032,2024-02-01,3,6,6,12806913
24033,2024-02-02,9,6,5,36451006
24034,2024-02-03,9,9,9,45981047
24035,2024-02-04,8,0,8,17336092
24036,2024-02-05,7,7,0,26490100
24037,2024-02-06,8,8,6,12634131
24038,2024-02-07,8,6,8,13308161
24039,2024-02-08,3,4,7,36712004
24040,2024-02-09,4,4,7,21172726
24041,2024-02-10,6,4,9,13660564
24042,2024-02-11,8,2,7,40312945
24043,2024-02-12,1,8,1,22064253
24044,2024-02-13,9,8,2,36378260
24045,2024-02-14,6,5,7,11671823
24046,2024-02-15,2,7,9,23551427
24047,2024-02-16,7,1,4,31748290
24048,2024-02-17,2,1,1,17661479
24049,2024-02-18,7,5,1,45152784
24050,2024-02-19,6,8,9,20730685
24051,2024-02-20,6,8,6,12946487
24052,2024-02-21,2,5,9,20072351
24053,2024-02-22,2,2,2,13443388
24054,2024-02-23,6,4,4,39947883
24055,2024-02-24,4,2,1,18829582
24056,2024-02-25,3,0,9,26985990
24057,2024-02-26,0,7,7,43463314
24058,2024-02-27,8,0,9,43115996
24059,2024-02-28,3,3,9,41924491
24060,2024-02-29,7,6,7,15328773
24061,2024-03-01,9,9,0,26422422
24062,2024-03-02,8,4,9,47416456
24063,2024-03-03,3,0,2,19949303
24064,2024-03-04,0,5,0,19755911
24065,2024-03-05,0,9,9,30028073
24066,2024-03-06,5,1,0,17307326
24067,2024-03-07,6,2,2,29084455
24068,2024-03-08,9,9,9,47727073
24069,2024-03-09,2,7,9,34171850
24070,2024-03-10,0,1,4,31664207
24071,2024-03-11,5,6,1,38677217
24072,2024-03-12,8,1,4,41595983
24073,2024-03-13,2,1,4,32092810
24074,2024-03-14,8,6,8,24082484
24075,2024-03-15,3,9,0,17335148
24076,2024-03-16,9,8,1,42458073
24077,2024-03-17,9,4,6,31239187
24078,2024-03-18,4,8,9,33746695
24079,2024-03-19,2,9,9,43312633
24080,2024-03-20,8,7,7,22073369
24081,2024-03-21,9,3,4,22989285
24082,2024-03-22,0,1,0,41197946
24083,2024-03-23,1,3,9,37825488
24084,2024-03-24,6,0,5,33464617
24085,2024-03-25,8,3,0,23501440
24086,2024-03-26,4,4,1,30654266
24087,2024-03-27,4,8,8,31738160
24088,2024-03-28,0,1,5,32908388
24089,2024-03-29,6,9,9,11954034
24090,2024-03-30,2,3,5,32678558
24091,2024-03-31,7,7,0,19110289
24092,2024-04-01,7,2,7,46035281
24093,2024-04-02,5,7,6,13759591
24094,2024-04-03,8,4,9,31173037
24095,2024-04-04,8,8,0,23976257
24096,2024-04-05,9,5,5,14443481
24097,2024-04-06,2,4,0,32760133
24098,2024-04-07,6,8,2,48317929
24099,2024-04-08,9,6,2,49942650
24100,2024-04-09,1,4,5,12122533
24101,2024-04-10,4,6,1,43356758
24102,2024-04-11,3,5,7,30309068
24103,2024-04-12,3,8,4,21744906
24104,2024-04-13,1,5,0,23562594
24105,2024-04-14,1,7,8,11673344
24106,2024-04-15,7,8,2,22764889
24107,2024-04-16,5,7,8,30827820
24108,2024-04-17,5,2,1,44638013
24109,2024-04-18,2,3,0,40827692
24110,2024-04-19,6,8,1,10275808
24111,2024-04-20,4,0,9,15843564
24112,2024-04-21,5,7,0,16919113
24113,2024-04-22,8,4,0,48759384
24114,2024-04-23,4,3,5,23459052
24115,2024-04-24,3,4,4,45720424
24116,2024-04-25,5,7,1,28297514
24117,2024-04-26,2,2,4,17681307
24118,2024-04-27,0,9,8,44498027
24119,2024-04-28,1,3,8,33509452
24120,2024-04-29,8,5,4,19499717
24121,2024-04-30,4,9,3,21494069
24122,2024-05-01,1,4,9,32732382
24123,2024-05-02,8,7,0,18729118
24124,2024-05-03,0,7,0,17108635
24125,2024-05-04,6,0,1,38619631
24126,2024-05-05,6,2,9,49779196
24127,2024-05-06,7,9,5,30967537
24128,2024-05-07,5,3,8,15271106
24129,2024-05-08,7,9,2,16235498
24130,2024-05-09,7,1,7,30830033
24131,2024-05-10,7,7,3,25018591
24132,2024-05-11,2,9,4,34390672
24133,2024-05-12,6,2,5,31794347
24134,2024-05-13,7,7,0,14386584
24135,2024-05-14,7,1,5,42121797
24136,2024-05-15,7,2,4,33395186
24137,2024-05-16,9,9,2,44087925
24138,2024-05-17,1,6,1,31868747
24139,2024-05-18,8,1,4,45751949
24140,2024-05-19,7,6,9,37745616
24141,2024-05-20,3,9,3,46772236
24142,2024-05-21,2,7,6,14433207
24143,2024-05-22,5,3,9,38933885
24144,2024-05-23,6,9,5,46542580
24145,2024-05-24,3,2,1,48533123
24146,2024-05-25,7,1,9,41065259
24147,2024-05-26,5,8,1,39877955
24148,2024-05-27,2,4,6,14671289
24149,2024-05-28,9,1,9,35428287
24150,2024-05-29,5,7,0,16075567
24151,2024-05-30,3,2,9,10012370
24152,2024-05-31,2,2,7,45651974
24153,2024-06-01,4,6,9,48784320
24154,2024-06-02,7,3,3,31246513
24155,2024-06-03,4,9,4,39174037
24156,2024-06-04,5,1,9,10544873
24157,2024-06-05,9,8,6,18560117
24158,2024-06-06,4,0,5,46835057
24159,2024-06-07,0,0,8,34108499
24160,2024-06-08,1,4,0,25786767
24161,2024-06-09,6,9,6,31349162
24162,2024-06-10,6,6,6,39205109
24163,2024-06-11,8,3,2,41868081
24164,2024-06-12,2,3,8,35809737
24165,2024-06-13,5,6,2,29358952
24166,2024-06-14,2,2,0,14814792
24167,2024-06-15,0,2,7,39308797
24168,2024-06-16,2,1,2,37907587
24169,2024-06-17,7,9,6,22065997
24170,2024-06-18,7,8,6,47047450
24171,2024-06-19,7,6,5,25149216
24172,2024-06-20,2,6,9,10498618
24173,2024-06-21,9,7,3,43670450
24174,2024-06-22,4,6,8,48678351
24175,2024-06-23,5,0,0,48127872
24176,2024-06-24,7,5,1,48941178
24177,2024-06-25,7,1,2,45326646
24178,2024-06-26,4,7,8,15250235
24179,2024-06-27,8,9,1,26457194
24180,2024-06-28,7,1,8,48898206
24181,2024-06-29,4,9,0,33054993
24182,2024-06-30,8,0,7,40469757
24183,2024-07-01,8,7,9,32247527
24184,2024-07-02,6,5,4,29408450
24185,2024-07-03,2,0,9,30405848
24186,2024-07-04,9,4,0,41753265
24187,2024-07-05,9,2,9,13464151
24188,2024-07-06,4,9,0,29247872
24189,2024-07-07,7,1,2,43929980
24190,2024-07-08,1,4,4,18894525
24191,2024-07-09,9,4,4,27244006
24192,2024-07-10,0,1,9,21718136
24193,2024-07-11,9,2,7,34814631
24194,2024-07-12,2,4,3,42542330
24195,2024-07-13,2,8,0,33008139
24196,2024-07-14,1,2,9,20344851
24197,2024-07-15,7,6,6,25968382
24198,2024-07-16,7,2,3,48772642
24199,2024-07-17,5,0,4,17784250
24200,2024-07-18,0,2,7,36759310
24201,2024-07-19,7,4,7,45736868
24202,2024-07-20,3,6,6,41849167
24203,2024-07-21,4,2,8,39174527
24204,2024-07-22,0,4,7,35635860
24205,2024-07-23,5,8,0,16534008
24206,2024-07-24,8,5,6,28293245
24207,2024-07-25,5,4,4,16595243
24208,2024-07-26,4,9,6,40944473
24209,2024-07-27,3,9,3,44893409
24210,2024-07-28,5,2,5,46749656
24211,2024-07-29,0,0,1,10802716
24212,2024-07-30,6,1,8,16973099
24213,2024-07-31,7,5,3,29011741
24214,2024-08-01,4,3,0,11590511
24215,2024-08-02,9,1,0,49871965
24216,2024-08-03,3,9,1,18051527
24217,2024-08-04,1,9,2,35230143
24218,2024-08-05,9,2,1,22365680
24219,2024-08-06,4,4,7,15081092
24220,2024-08-07,7,4,6,31703283
24221,2024-08-08,4,2,1,28608447
24222,2024-08-09,0,6,6,32324081
24223,2024-08-10,0,4,4,21940645
24224,2024-08-11,7,1,7,23466676
24225,2024-08-12,9,6,2,43021406
24226,2024-08-13,1,2,8,38940937
24227,2024-08-14,3,9,1,39634046
24228,2024-08-15,4,1,0,14893545
24229,2024-08-16,1,9,4,39922638
24230,2024-08-17,0,7,2,10058226
24231,2024-08-18,0,6,4,20174205
24232,2024-08-19,5,6,9,10248554
24233,2024-08-20,8,7,7,39263334
24234,2024-08-21,6,1,8,25156325
24235,2024-08-22,0,6,7,18133839
24236,2024-08-23,9,8,5,32376760
24237,2024-08-24,4,6,0,16084557
24238,2024-08-25,5,8,5,15399363
24239,2024-08-26,7,4,3,21852653
24240,2024-08-27,8,0,6,22818005
24241,2024-08-28,4,6,1,34109605
24242,2024-08-29,7,1,7,22714747
24243,2024-08-30,2,0,3,11702189
24244,2024-08-31,9,3,7,36089747
24245,2024-09-01,1,8,4,43533235
24246,2024-09-02,8,7,0,12485892
24247,2024-09-03,5,0,5,12873234
24248,2024-09-04,6,1,3,45105964
24249,2024-09-05,7,8,2,48879232
24250,2024-09-06,3,1,0,19501975
24251,2024-09-07,7,0,7,13073699
24252,2024-09-08,3,2,0,21559435
24253,2024-09-09,0,4,1,40614029
24254,2024-09-10,9,2,9,14292122
24255,2024-09-11,1,1,7,49928257
24256,2024-09-12,9,3,1,23599016
24257,2024-09-13,6,5,6,31759038
24258,2024-09-14,1,9,8,19216020
24259,2024-09-15,5,3,0,49801277
24260,2024-09-16,2,5,1,18103092
24261,2024-09-17,4,2,6,21277701
24262,2024-09-18,5,8,2,39438055
24263,2024-09-19,3,9,0,18950368
24264,2024-09-20,1,9,6,20586669
24265,2024-09-21,0,7,1,10426113
24266,2024-09-22,0,2,1,49844580
24267,2024-09-23,4,6,7,18515606
24268,2024-09-24,3,2,4,45103765
24269,2024-09-25,7,6,3,21713780
24270,2024-09-26,9,0,9,22079626
24271,2024-09-27,7,9,1,30213174
24272,2024-09-28,5,6,0,47427311
24273,2024-09-29,3,3,1,45581053
24274,2024-09-30,1,9,5,46220185
24275,2024-10-01,8,3,7,23965938
24276,2024-10-02,4,0,3,17561767
24277,2024-10-03,2,7,7,21832891
24278,2024-10-04,2,0,0,34440583
24279,2024-10-05,4,3,6,26869945
24280,2024-10-06,5,9,7,12906987
24281,2024-10-07,1,0,8,21803617
24282,2024-10-08,2,0,7,44554603
24283,2024-10-09,1,1,3,39851424
24284,2024-10-10,9,9,5,38123061
24285,2024-10-11,3,5,3,17390891
24286,2024-10-12,5,3,1,25912743
24287,2024-10-13,6,3,6,24808427
24288,2024-10-14,1,7,9,42508051
24289,2024-10-15,0,6,2,24506598
24290,2024-10-16,9,7,2,35993296
24291,2024-10-17,5,2,7,23029516
24292,2024-10-18,5,4,3,32541286
24293,2024-10-19,2,0,9,14003159
24294,2024-10-20,4,2,1,41241477
24295,2024-10-21,7,6,2,33056995
24296,2024-10-22,3,4,9,20521872
24297,2024-10-23,9,2,9,47094802
24298,2024-10-24,3,1,6,45015310
24299,2024-10-25,7,3,9,41775308
24300,2024-10-26,7,4,0,38730000
24301,2024-10-27,3,3,5,39141938
24302,2024-10-28,9,3,9,19997187
24303,2024-10-29,9,0,6,12967835
24304,2024-10-30,0,7,8,12256237
24305,2024-10-31,6,8,6,42163220
24306,2024-11-01,1,7,7,26140453
24307,2024-11-02,1,8,0,37287677
24308,2024-11-03,3,2,5,29850159
24309,2024-11-04,3,1,0,42197688
24310,2024-11-05,4,2,7,48277607
24311,2024-11-06,9,0,7,41122449
24312,2024-11-07,2,6,2,34858496
24313,2024-11-08,7,0,1,35828810
24314,2024-11-09,5,8,0,29903816
24315,2024-11-10,6,4,9,46402203
24316,2024-11-11,9,3,1,32528088
24317,2024-11-12,0,8,5,13460306
24318,2024-11-13,1,6,5,41229302
24319,2024-11-14,9,0,5,34590902
24320,2024-11-15,2,8,1,47631846
24321,2024-11-16,3,2,5,26014369
24322,2024-11-17,8,1,7,48931152
24323,2024-11-18,3,3,5,33670079
24324,2024-11-19,4,8,6,28598908
24325,2024-11-20,0,1,5,33167763
24326,2024-11-21,7,7,8,45345070
24327,2024-11-22,1,7,8,45759324
24328,2024-11-23,4,7,9,34705849
24329,2024-11-24,1,3,7,15859191
24330,2024-11-25,1,6,2,29352363
24331,2024-11-26,1,1,2,28518203
24332,2024-11-27,1,2,7,20099754
24333,2024-11-28,3,8,0,29674268
24334,2024-11-29,6,8,2,41803220
24335,2024-11-30,5,6,7,11441652
24336,2024-12-01,4,3,1,11478852
24337,2024-12-02,3,8,5,37628164
24338,2024-12-03,9,5,5,42624866
24339,2024-12-04,9,8,8,39880644
24340,2024-12-05,7,4,9,18855299
24341,2024-12-06,4,2,4,25219078
24342,2024-12-07,7,5,4,13175520
24343,2024-12-08,2,5,4,40596711
24344,2024-12-09,2,9,2,45924494
24345,2024-12-10,4,2,2,20300190
24346,2024-12-11,2,3,1,12761627
24347,2024-12-12,5,9,2,39587535
24348,2024-12-13,4,5,2,23767743
24349,2024-12-14,8,0,5,33075182
24350,2024-12-15,2,5,7,46229833
24351,2024-12-16,2,8,4,18153057
24352,2024-12-17,0,6,7,19756547
24353,2024-12-18,7,5,2,10288185
24354,2024-12-19,8,8,5,29834485
24355,2024-12-20,7,4,9,19870604
24356,2024-12-21,9,7,5,17537373
24357,2024-12-22,7,0,2,46974299
24358,2024-12-23,1,4,0,36952927
24359,2024-12-24,9,3,7,33984275
24360,2024-12-25,1,5,0,23096277
24361,2024-12-26,9,8,3,28651376
24362,2024-12-27,3,0,1,46132237
24363,2024-12-28,7,1,8,36469320
24364,2024-12-29,3,7,5,44329931
24365,2024-12-30,0,5,6,19928483
24366,2024-12-31,6,5,6,35020275
25001,2025-01-01,0,4,5,33579037
25002,2025-01-02,4,7,8,15878644
25003,2025-01-03,3,7,6,39695965
25004,2025-01-04,4,2,6,37796074
25005,2025-01-05,2,9,9,15776595
25006,2025-01-06,2,3,4,41850747
25007,2025-01-07,8,5,1,49639789
25008,2025-01-08,6,1,0,37478438
25009,2025-01-09,4,6,2,47300035
25010,2025-01-10,7,9,2,23371948
25011,2025-01-11,2,6,4,47169380
25012,2025-01-12,7,0,4,49272661
25013,2025-01-13,4,7,8,41101726
25014,2025-01-14,3,0,0,20336373
25015,2025-01-15,4,4,7,18333372
25016,2025-01-16,4,6,2,43009944
25017,2025-01-17,3,0,1,28603720
25018,2025-01-18,7,1,9,34277269
25019,2025-01-19,9,7,9,39264062
25020,2025-01-20,4,7,1,35045176
25021,2025-01-21,8,9,0,27417245
25022,2025-01-22,2,9,0,19807096
25023,2025-01-23,5,7,2,33983732
25024,2025-01-24,2,0,4,34237268
25025,2025-01-25,6,5,0,29451920
25026,2025-01-26,4,8,1,44484996
25027,2025-01-27,3,2,1,21216301
25028,2025-01-28,8,5,5,30204620
25029,2025-01-29,4,5,1,45864340
25030,2025-01-30,9,5,2,10865547
25031,2025-01-31,2,8,4,35032558
25032,2025-02-01,7,6,5,20940700
25033,2025-02-02,1,3,2,43781454
25034,2025-02-03,3,3,8,45275963
25035,2025-02-04,8,8,1,38007633
25036,2025-02-05,7,1,1,18806840
25037,2025-02-06,0,7,5,30909341
25038,2025-02-07,5,2,7,45106063
25039,2025-02-08,5,2,4,11930019
25040,2025-02-09,1,3,2,19553573
25041,2025-02-10,3,4,2,24082191
25042,2025-02-11,2,1,6,17497549
25043,2025-02-12,1,0,7,38940528
25044,2025-02-13,0,3,1,12200681
25045,2025-02-14,8,9,0,41479583
25046,2025-02-15,1,4,0,14445785
25047,2025-02-16,4,0,1,18307644
25048,2025-02-17,9,3,9,23423412
25049,2025-02-18,2,5,0,16092096
25050,2025-02-19,2,4,9,33342915
25051,2025-02-20,5,2,8,26228434
25052,2025-02-21,8,9,1,16650869
25053,2025-02-22,9,0,8,24562494
25054,2025-02-23,3,4,2,46045948
25055,2025-02-24,0,1,3,43835971
25056,2025-02-25,7,5,9,22423580
25057,2025-02-26,7,1,2,33811724
25058,2025-02-27,6,6,3,44510800
25059,2025-02-28,3,6,1,31090992
25060,2025-03-01,1,7,1,44878327
25061,2025-03-02,2,7,5,29345556
25062,2025-03-03,8,0,1,32019452
25063,2025-03-04,7,1,6,29032841
25064,2025-03-05,7,9,4,39793374
25065,2025-03-06,3,8,6,29501119
25066,2025-03-07,6,3,1,41922129
25067,2025-03-08,5,2,0,42993963
25068,2025-03-09,1,6,7,45075278
25069,2025-03-10,1,1,2,36495348
25070,2025-03-11,6,9,1,21322823
25071,2025-03-12,1,5,3,32725185
25072,2025-03-13,3,9,6,18238429
25073,2025-03-14,3,6,7,28691048
25074,2025-03-15,9,9,4,36859351
25075,2025-03-16,5,7,9,37141750
25076,2025-03-17,7,8,4,19890108
25077,2025-03-18,7,1,1,26823511
25078,2025-03-19,7,7,3,19033415
25079,2025-03-20,0,1,0,14578748
25080,2025-03-21,7,0,2,35678064
25081,2025-03-22,9,5,2,30317383
25082,2025-03-23,9,9,1,15134986
25083,2025-03-24,8,7,7,23551410
25084,2025-03-25,4,7,7,43876202
25085,2025-03-26,4,8,5,46274286
25086,2025-03-27,8,0,0,38884084
25087,2025-03-28,1,6,7,31109710
25088,2025-03-29,6,7,7,12414652
25089,2025-03-30,0,2,8,30336976
25090,2025-03-31,2,7,6,19025353
25091,2025-04-01,4,6,7,17340501
25092,2025-04-02,9,7,8,46198010
25093,2025-04-03,9,7,7,47732321
25094,2025-04-04,2,8,0,36265390
25095,2025-04-05,4,7,9,35353574
25096,2025-04-06,9,5,4,31507235
25097,2025-04-07,0,0,9,13027848
25098,2025-04-08,2,5,5,49189360
25099,2025-04-09,0,5,6,16533051
25100,2025-04-10,6,5,5,37644127
25101,2025-04-11,5,0,3,26617089
25102,2025-04-12,3,4,9,15700343
25103,2025-04-13,1,4,1,32655567
25104,2025-04-14,2,0,8,31885330
25105,2025-04-15,0,7,6,48121150
25106,2025-04-16,8,6,4,11369173
25107,2025-04-17,7,9,0,31240917
25108,2025-04-18,6,9,6,31637331
25109,2025-04-19,9,1,7,16714690
25110,2025-04-20,3,5,7,43740224
25111,2025-04-21,5,2,9,30100507
25112,2025-04-22,5,6,3,43349864
25113,2025-04-23,1,8,3,29284105
25114,2025-04-24,4,0,4,48488322
25115,2025-04-25,6,3,9,16171185
25116,2025-04-26,9,1,9,32604819
25117,2025-04-27,4,1,9,45639078
25118,2025-04-28,7,6,3,33308014
25119,2025-04-29,1,4,8,30126553
25120,2025-04-30,6,8,5,23426939
25121,2025-05-01,6,6,4,44585843
25122,2025-05-02,7,8,2,11248447
25123,2025-05-03,8,2,9,43500988
25124,2025-05-04,3,7,4,45750189
25125,2025-05-05,9,6,9,14018590
25126,2025-05-06,8,3,5,41036956
25127,2025-05-07,2,3,2,30151159
25128,2025-05-08,6,6,5,14323658
25129,2025-05-09,3,6,4,29263236
25130,2025-05-10,2,4,9,25846404
25131,2025-05-11,6,3,1,20063796
25132,2025-05-12,3,0,3,30840024
25133,2025-05-13,7,7,8,39268384
25134,2025-05-14,6,0,3,20694367
25135,2025-05-15,4,2,0,27340718
25136,2025-05-16,4,8,2,12834166
25137,2025-05-17,7,0,0,15632416
25138,2025-05-18,5,9,4,14266895
25139,2025-05-19,6,5,1,36635175
25140,2025-05-20,2,3,1,48317374
25141,2025-05-21,8,1,8,48951309
25142,2025-05-22,8,4,7,16056493
25143,2025-05-23,3,9,1,31032611
25144,2025-05-24,5,9,6,25833536
25145,2025-05-25,6,3,2,17168167
25146,2025-05-26,2,3,4,39492695
25147,2025-05-27,6,4,9,13753090
25148,2025-05-28,7,8,5,17580707
25149,2025-05-29,5,8,6,41866920
25150,2025-05-30,3,4,2,34360384
25151,2025-05-31,7,5,4,11414266
25152,2025-06-01,9,0,0,26084372
25153,2025-06-02,4,8,6,30754657
25154,2025-06-03,5,1,8,25863320
25155,2025-06-04,7,6,0,36372143
25156,2025-06-05,4,4,1,25801483
25157,2025-06-06,4,3,2,39450446
25158,2025-06-07,5,6,0,28390279
25159,2025-06-08,1,7,7,37713364
25160,2025-06-09,5,6,1,20760459
25161,2025-06-10,4,8,1,33612679
25162,2025-06-11,6,9,8,31929052
25163,2025-06-12,7,0,0,22330557
25164,2025-06-13,7,2,0,36887961
25165,2025-06-14,3,4,5,48641911
25166,2025-06-15,1,1,2,26750611
25167,2025-06-16,8,2,9,37535854
25168,2025-06-17,5,7,7,18959691
25169,2025-06-18,4,2,9,31983550
25170,2025-06-19,4,3,1,37816384
25171,2025-06-20,5,2,6,35321518
25172,2025-06-21,9,3,0,11541496
25173,2025-06-22,8,9,3,15971116
25174,2025-06-23,7,3,4,21325020
25175,2025-06-24,0,6,9,38783217
25176,2025-06-25,9,4,2,15976800
25177,2025-06-26,5,2,9,17875260
25178,2025-06-27,0,8,6,40447819
25179,2025-06-28,7,1,3,23632854
25180,2025-06-29,3,4,4,43163063
25181,2025-06-30,6,2,6,23865090
25182,2025-07-01,9,3,4,22707947
25183,2025-07-02,6,2,6,19794059
25184,2025-07-03,0,4,4,25803172
25185,2025-07-04,9,7,3,34805968
25186,2025-07-05,9,7,1,10692579
25187,2025-07-06,7,2,5,36679445
25188,2025-07-07,3,6,6,27195008
25189,2025-07-08,1,1,8,13942801
25190,2025-07-09,0,5,3,41603739
25191,2025-07-10,5,9,9,13054250
25192,2025-07-11,0,4,8,35564294
25193,2025-07-12,4,6,5,18874358
25194,2025-07-13,8,0,9,22037466
25195,2025-07-14,4,2,8,43073920
25196,2025-07-15,5,7,2,16016174
25197,2025-07-16,5,8,6,19515750
25198,2025-07-17,4,1,5,12963672
25199,2025-07-18,2,7,4,34198933
25200,2025-07-19,6,4,4,27700495
25201,2025-07-20,8,5,6,21071876
25202,2025-07-21,5,7,2,47290698
25203,2025-07-22,7,0,3,19973773
25204,2025-07-23,0,3,2,12406674
25205,2025-07-24,7,4,2,41348754
25206,2025-07-25,6,1,7,12737485
25207,2025-07-26,7,5,8,42561188
25208,2025-07-27,7,7,1,19935716
25209,2025-07-28,1,5,1,23672337
25210,2025-07-29,4,2,2,44140813
25211,2025-07-30,4,9,9,24253664
25212,2025-07-31,9,0,8,48304921
25213,2025-08-01,2,6,1,26519345
25214,2025-08-02,7,1,5,11742291
25215,2025-08-03,4,1,6,35069073
25216,2025-08-04,9,1,5,20319697
25217,2025-08-05,0,1,7,42202530
25218,2025-08-06,7,4,9,10389591
25219,2025-08-07,5,0,9,40407160
25220,2025-08-08,5,9,2,24184589
25221,2025-08-09,0,4,5,13726892
25222,2025-08-10,1,8,9,35594712
25223,2025-08-11,1,6,4,21946102
25224,2025-08-12,3,6,1,11376539
25225,2025-08-13,3,2,6,37004354
25226,2025-08-14,4,2,1,30035127
25227,2025-08-15,7,6,4,18810499
25228,2025-08-16,5,1,5,44403575
25229,2025-08-17,3,7,7,36044247
25230,2025-08-18,7,4,9,38391786
25231,2025-08-19,1,6,5,22506128
25232,2025-08-20,6,6,1,12713754
25233,2025-08-21,8,5,7,25047834
25234,2025-08-22,2,7,8,45210530
25235,2025-08-23,1,4,7,39350432
25236,2025-08-24,1,7,4,19972815
25237,2025-08-25,2,4,3,45104113
25238,2025-08-26,6,4,9,13202990
25239,2025-08-27,8,1,0,44454665
25240,2025-08-28,1,8,6,37717263
25241,2025-08-29,1,7,9,27004066
25242,2025-08-30,5,4,9,15487462
25243,2025-08-31,8,0,1,41063280
25244,2025-09-01,2,2,6,13037261
25245,2025-09-02,1,6,4,31068583
25246,2025-09-03,9,7,7,27788841
25247,2025-09-04,5,2,3,22421004
25248,2025-09-05,1,9,4,17135729
25249,2025-09-06,6,8,0,10392390
25250,2025-09-07,6,1,0,21524964
25251,2025-09-08,7,7,6,42663393
25252,2025-09-09,4,9,9,34208098
25253,2025-09-10,6,4,1,18394613
25254,2025-09-11,2,0,3,17510320
25255,2025-09-12,0,3,0,24041152
25256,2025-09-13,7,2,3,39245269
25257,2025-09-14,8,3,1,30194256
25258,2025-09-15,7,2,7,38311835
25259,2025-09-16,0,1,2,20228883
25260,2025-09-17,7,7,7,11317197
25261,2025-09-18,7,9,3,23511592
25262,2025-09-19,4,9,6,13417329
25263,2025-09-20,5,0,1,38976798
25264,2025-09-21,6,7,9,49986115
25265,2025-09-22,8,4,0,42715337
25266,2025-09-23,6,7,8,49663974
25267,2025-09-24,9,7,3,14073822
25268,2025-09-25,8,0,6,48681774
25269,2025-09-26,5,8,1,27975033
25270,2025-09-27,6,7,1,43204714
25271,2025-09-28,9,5,7,39274900
25272,2025-09-29,0,2,4,22898410
25273,2025-09-30,7,5,7,25576176
25274,2025-10-01,8,3,9,32760172
25275,2025-10-02,9,7,2,29689340
25276,2025-10-03,6,6,5,41697183
25277,2025-10-04,2,9,3,28955382
25278,2025-10-05,1,7,2,21629369
25279,2025-10-06,3,2,9,43030025
25280,2025-10-07,1,6,7,30377733
25281,2025-10-08,3,3,8,13157427
25282,2025-10-09,0,5,4,33960808
25283,2025-10-10,2,2,8,12145470
25284,2025-10-11,1,5,6,17648349
25285,2025-10-12,9,3,1,47713936
25286,2025-10-13,3,7,4,32838771
25287,2025-10-14,5,0,8,27951032
25288,2025-10-15,2,8,9,16988852
25289,2025-10-16,0,7,7,17444442
25290,2025-10-17,1,9,9,16836248
25291,2025-10-18,8,0,8,17074018
25292,2025-10-19,2,1,3,34269144
25293,2025-10-20,2,4,7,43950147
25294,2025-10-21,7,1,2,34409970
25295,2025-10-22,5,2,1,23548630
25296,2025-10-23,7,6,0,26462882
25297,2025-10-24,7,5,4,43891501
25298,2025-10-25,2,1,4,34993780
25299,2025-10-26,6,5,3,20174456
25300,2025-10-27,8,6,3,19260642
25301,2025-10-28,6,6,6,40786396
25302,2025-10-29,8,5,0,39700953
25303,2025-10-30,2,0,8,14669514
25304,2025-10-31,1,5,5,36954333
25305,2025-11-01,2,6,0,36391652
25306,2025-11-02,0,2,9,13879551
25307,2025-11-03,8,4,6,36977952
25308,2025-11-04,8,4,5,33096009
25309,2025-11-05,0,4,8,19855729
25310,2025-11-06,6,7,3,46535762
25311,2025-11-07,9,9,7,33169376
25312,2025-11-08,6,3,4,15655997
25313,2025-11-09,0,8,5,36172023
25314,2025-11-10,2,8,8,29054076
25315,2025-11-11,3,1,8,47029721
25316,2025-11-12,4,8,5,20739253
25317,2025-11-13,0,0,8,49762243
25318,2025-11-14,4,3,4,38369995
25319,2025-11-15,8,1,0,35030188
25320,2025-11-16,4,8,5,18308951
25321,2025-11-17,0,1,7,29995831
25322,2025-11-18,9,0,7,32748582
25323,2025-11-19,3,9,9,45788395
25324,2025-11-20,9,3,5,30079080
25325,2025-11-21,4,9,2,35344717
25326,2025-11-22,8,3,1,32001437
25327,2025-11-23,8,9,3,34244253
25328,2025-11-24,7,1,2,38567715
25329,2025-11-25,6,1,1,14173746
25330,2025-11-26,6,2,7,24413937
25331,2025-11-27,7,1,5,45316415
25332,2025-11-28,6,9,8,44825809
25333,2025-11-29,6,4,9,43475733
25334,2025-11-30,6,7,7,37979185
25335,2025-12-01,2,2,8,18531145
25336,2025-12-02,7,7,2,44439294
25337,2025-12-03,8,1,3,40563549
25338,2025-12-04,7,0,2,47515646
25339,2025-12-05,5,1,9,37422014
25340,2025-12-06,1,1,5,48370483
25341,2025-12-07,4,0,8,20288091
25342,2025-12-08,1,5,4,35129569
25343,2025-12-09,4,4,7,11877557
25344,2025-12-10,2,2,9,38303631
25345,2025-12-11,0,4,4,24467426
25346,2025-12-12,2,7,0,18209286
25347,2025-12-13,8,5,1,12998590
25348,2025-12-14,6,7,9,30783741
25349,2025-12-15,9,7,5,35320552
25350,2025-12-16,7,9,2,19296073
25351,2025-12-17,8,7,7,40136895
25352,2025-12-18,2,5,1,37489691
25353,2025-12-19,6,3,6,32749762
25354,2025-12-20,8,0,7,28614327
25355,2025-12-21,1,2,0,48385920
25356,2025-12-22,4,8,1,47537532
25357,2025-12-23,1,3,9,46361886
25358,2025-12-24,9,0,9,45014304
25359,2025-12-25,3,7,8,11252524
25360,2025-12-26,1,8,2,11273295
25361,2025-12-27,4,3,3,48893126
25362,2025-12-28,7,1,8,31503771
25363,2025-12-29,6,9,0,42982197
25364,2025-12-30,0,5,6,22113687
25365,2025-12-31,6,0,8,31299174
